cluster,species,length
1,"6418_MW938769.1_Cactus_tobamovirus_2_isolate_NPPO-NL_39832197,_complete_genome",6418
2,"6471_MW192790.1_Cactus_mild_mottle_virus_isolate_CMMoV-Hp,_complete_genome",6471
3,"6449_EU043335.1_Cactus_mild_mottle_virus_isolate_CMMoV-Kr,_complete_genome",6449
4,"6506_JF729471.1_Rattail_cactus_necrosis_associated_virus,_complete_genome",6506
5,"6168_MT130378.1_Rattail_cactus_necrosis-associated_virus_isolate_I5-7.5-RCNaV_185_kDa_replication_protein_gene,_partial_cds;_and_movement_protein_and_coat_protein_genes,_complete_cds",6168
6,"6474_KY348773.1_Rattail_cactus_necrosis-associated_virus_isolate_parviMex-1,_complete_genome",6474
7,"6460_KU854932.1_Rattail_cactus_necrosis-associated_virus_isolate_nopal_verdura-2,_complete_genome",6460
8,"6643_HM026454.1_Frangipani_mosaic_virus_isolate_FrMV-P,_complete_genome",6643
9,"6688_KJ395757.1_Plumeria_mosaic_virus_isolate_Plu-Ind-1,_complete_genome",6688
10,"6379_NC_022801.1_Yellow_tailflower_mild_mottle_virus_isolate_Cervantes,_complete_genome",6379
11,"6350_LC643028.1_Scopolia_mild_mottle_virus_Kyo35_genomic_RNA,_complete_genome",6350
12,"6507_D13438.1_Obuda_pepper_virus_genomic_RNA_for_130K_protein,_180K_protein,_30K_protein_and_coat_protein,_complete_cds",6507
13,"6524_AB089381.1_Paprika_mild_mottle_virus_complete_genome,_strain:Japanese",6524
14,"6395_EF375551.1_Rehmannia_mosaic_virus_isolate_Henan,_complete_genome",6395
15,"6392_FR878069.1_Tobacco_mosaic_virus_strain_Ohio_V,_complete_genome,_genomic_RNA",6392
16,"6420_OQ953825.1_Tobacco_mosaic_virus,_complete_genome",6420
17,"6472_OM515245.1_Tomato_brown_rugose_fruit_virus_isolate_39986372,_complete_genome",6472
18,"6448_PP481220.1_Tomato_mosaic_virus_isolate_INIFAP_JM3,_complete_genome",6448
19,"6400_ON146334.1_Tomato_mottle_mosaic_virus_isolate_MZWD_RNA-dependent_RNA_polymerase,_126_kDa_protein,_movement_protein,_and_coat_protein_genes,_complete_cds",6400
20,"6404_OQ446806.1_Bell_pepper_mottle_virus_isolate_PV-1239,_complete_genome",6404
21,"6405_OQ920979.1_Chili_pepper_mild_mottle_virus_strain_CPMMV/Spanish/2019,_complete_genome",6405
22,"6363_MN164454.1_Yellow_pepper_mild_mottle_virus_isolate_Chepen-Escabeche,_complete_genome",6363
23,"6369_MT733325.1_Pepper_mild_mottle_virus_strain_PMMoV-XJ,_complete_genome",6369
24,"6350_KU659022.1_Tropical_soda_apple_mosaic_virus_isolate_Okeechobee,_complete_genome",6350
25,"6371_PQ520519.1_African_eggplant-associated_virus_isolate_DSMZ_PV-1245,_complete_genome",6371
26,6381_AM398436.1_Brugmansia_sp._tobamovirus_complete_virion_genome,6381
27,"6397_MK012556.1_Brugmansia_latent_virus_isolate_1996-4584,_complete_genome",6397
28,"6502_MH730970.1_Tobacco_mild_green_mosaic_virus_isolate_Ng92/73,_complete_genome",6502
29,"6618_X82130.1_Odontoglossum_ringspot_virus_RNA_for_replicase,_movement_protein_and_coat_protein_genes",6618
30,"6237_ON924221.1_Piper_chlorosis_virus_isolate_DSMZ_PV-1126,_complete_genome",6237
31,"6312_Z29370.1_Turnip_vein-clearing_virus_genes_for_RNA-dependent_RNA_polymerase,_122K_protein,_transport_protein_and_coat_protein,_genomic_RNA",6312
32,"6311_GQ401365.1_Ribgrass_mosaic_virus_strain_RMV_Actinidia-AC_isolate_M2/A4,_complete_genome",6311
33,"5244_OQ789506.1_Bertoki_tobamovirus_1_isolate_R-20-17,_complete_genome",5244
34,"6298_AB017503.1_Wasabi_mottle_virus_genomic_RNA,_complete_genome,_isolate:_Shizuoka",6298
35,"6304_OK655842.1_Youcai_mosaic_virus_isolate_GDHZ,_complete_genome",6304
36,"6155_OQ789505.1_Gorica_tobamovirus_1_isolate_P-19-04,_complete_genome",6155
37,"6459_OR350236.1_MAG:_Streptocarpus_flower_break_virus_isolate_23-01801,_complete_genome",6459
38,"6281_MH645158.1_Ullucus_tobamovirus_1_isolate_UTomV1,_partial_genome",6281
39,"6425_MN961200.1_Hoya_necrotic_spot_virus_isolate_Hoy2,_complete_genome",6425
40,6465_OR350232.1_MAG:_Piper_chlorosis_virus_isolate_VPRI_44537_genomic_sequence,6465
41,"6386_KX434725.1_Hoya_chlorotic_spot_virus_isolate_12-415,_complete_genome",6386
42,"6441_LC127213.1_Hibiscus_latent_Singapore_virus_genomic_RNA,_complete_genome,_isolate:_J",6441
43,"6486_MZ020960.1_Hibiscus_latent_Singapore_virus,_complete_genome",6486
44,"6498_MZ819720.1_Hibiscus_latent_Fort_Pierce_virus_isolate_HLFPV-LY,_complete_genome",6498
45,"6458_ON602041.1_Hibiscus_latent_Hawaii_virus_strain_Oahu1,_complete_genome",6458
46,"6497_KX883801.1_Cucumber_green_mottle_mosaic_virus_strain_spider132626_replicase,_movement_protein,_and_coat_protein_genes,_complete_cds",6497
47,"6512_AB162006.1_Kyuri_green_mottle_mosaic_virus_genomic_RNA,_complete_genome,_isolate:YM",6512
48,"6514_AJ295948.1_Kyuri_green_mottle_mosaic_virus_replicase_(131_and_189_KDa),_cp,_and_mp_genes",6514
49,"6515_AB015145.1_Kyuri_green_mottle_mosaic_virus_genomic_RNA,_complete_sequence_of_strain_Yodo",6515
50,"6524_OL404963.1_Trichosanthes_mottle_mosaic_virus_isolate_Anhui,_complete_genome",6524
51,"6517_MF066176.1_Zucchini_green_mottle_mosaic_virus_isolate_GXBG1,_complete_genome",6517
52,"6571_JN226146.1_Cucumber_fruit_mottle_mosaic_virus_isolate_Cm,_complete_genome",6571
53,"6574_MT989352.1_Cucumber_fruit_mottle_mosaic_virus_isolate_Su12-25,_complete_genome",6574
54,"6497_MF960828.1_Bottle_gourd_mottle_virus_isolate_WT2,_complete_genome",6497
55,"6485_AB261167.1_Cucumber_mottle_virus_genomic_RNA,_complete_genome",6485
56,"6791_HQ389540.1_Passion_fruit_mosaic_virus,_complete_genome",6791
57,"6794_DQ356949.1_Maracuja_mosaic_virus,_complete_genome",6794
58,"6776_LC745662.1_Sewage-associated_tobamovirus_RNA,_nearly_complete_genome",6776
59,"6453_MF434821.2_Opuntia_virus_2_isolate_Nopal_hec_Mex,_complete_genome",6453
60,"6483_D84000.1_Sunn-hemp_mosaic_virus_SH8TP2_RNA,_complete_genome",6483
61,"6455_OP342598.1_Sunn-hemp_mottle_virus_isolate_HI,_complete_genome",6455
62,"6514_JN566124.1_Clitoria_yellow_mottle_virus_isolate_Larrimah,_complete_genome",6514
63,"6426_MN186255.1_Tobacco_mosaic_virus_isolate_Henan9-2-2017_CP,_MP,_183K_protein,_and_130K_protein_genes,_complete_cds",6426
