orf_name,ref_name,identity_score,M,N,aln_len,orf_len,ref_len,N/aln_len,gap_openings,gap_ratio,aln_orf_len,clustering_score
"NC_003469.1_Barley_stripe_mosaic_virus_RNA_1,_complete_sequence","OK558651.1_Barley_stripe_mosaic_virus_isolate_D-5_hypothetical_protein_gene,_complete_cds",0.9537848605577689,174,3765,3789,3768,3786,0.9936658749010293,2,0.0005278437582475588,3768,0.9532814111724125
"NC_003469.1_Barley_stripe_mosaic_virus_RNA_1,_complete_sequence","OK558652.1_Barley_stripe_mosaic_virus_isolate_ND18_hypothetical_protein_gene,_complete_cds",0.9532536520584329,176,3765,3789,3768,3786,0.9936658749010293,2,0.0005278437582475588,3768,0.9527504830681672
"NC_003469.1_Barley_stripe_mosaic_virus_RNA_1,_complete_sequence","OK558721.1_Lychnis_ringspot_virus_isolate_VRS-m_replicase_gene,_complete_cds",0.5926849542809642,1470,3609,3885,3768,3738,0.9289575289575289,25,0.006435006435006435,3756,0.5888710227862348
"NC_003469.1_Barley_stripe_mosaic_virus_RNA_1,_complete_sequence","OK647860.1_Barley_stripe_mosaic_virus_isolate_Tibet_segment_alpha,_complete_sequence",0.9588313413014609,155,3765,3768,3768,3765,0.9992038216560509,1,0.0002653927813163482,3768,0.9585768743849796
"NC_003469.1_Barley_stripe_mosaic_virus_RNA_1,_complete_sequence","MW752157.1_Ligustrum_mosaic_virus_isolate_CH_segment_RNA1,_complete_sequence",0.603840877914952,1444,3645,3849,3768,3739,0.9469992205767732,26,0.006755001299038711,3765,0.5997619320002239
"NC_003469.1_Barley_stripe_mosaic_virus_RNA_1,_complete_sequence","MK377386.1_Poa_semilatent_virus_isolate_Canada_segment_alpha,_complete_sequence",0.6538461538461539,1287,3718,3913,3768,3873,0.9501661129568106,26,0.006644518272425249,3758,0.6495016611295681
"NC_003469.1_Barley_stripe_mosaic_virus_RNA_1,_complete_sequence","MG913809.1_Lychnis_ringspot_virus_strain_SN_segment_RNA_alpha,_complete_sequence",0.5929814865985079,1473,3619,3900,3768,3762,0.9279487179487179,25,0.00641025641025641,3768,0.5891803232228765
"NC_003469.1_Barley_stripe_mosaic_virus_RNA_1,_complete_sequence","KY615795.1_Barley_stripe_mosaic_virus_isolate_R_segment_alpha,_complete_sequence",0.9808764940239044,72,3765,3781,3768,3778,0.9957683152605131,2,0.0005289605924358636,3768,0.9803576490125191
"NC_003469.1_Barley_stripe_mosaic_virus_RNA_1,_complete_sequence","KY615796.1_Barley_stripe_mosaic_virus_isolate_M_segment_alpha,_complete_sequence",0.9814077025232404,70,3765,3778,3768,3775,0.9965590259396506,2,0.0005293806246691371,3768,0.9808881643006235
"NC_003469.1_Barley_stripe_mosaic_virus_RNA_1,_complete_sequence","KY615797.1_Barley_stripe_mosaic_virus_isolate_De-M_segment_alpha,_complete_sequence",0.9593625498007968,153,3765,3794,3768,3791,0.9923563521349499,2,0.0005271481286241434,3768,0.9588568236279973
"NC_003469.1_Barley_stripe_mosaic_virus_RNA_1,_complete_sequence","KY615804.1_Barley_stripe_mosaic_virus_isolate_M/R_segment_alpha,_complete_sequence",0.9787516600265604,80,3765,3779,3768,3776,0.9962953162212226,3,0.0007938608097380259,3768,0.9779746674411993
"NC_003469.1_Barley_stripe_mosaic_virus_RNA_1,_complete_sequence","MF768253.1_Lychnis_ringspot_virus_isolate_mild_segment_RNA_alpha,_complete_sequence",0.6024793388429752,1443,3630,3896,3768,3759,0.9317248459958932,28,0.007186858316221766,3768,0.5981494051962598
"NC_003469.1_Barley_stripe_mosaic_virus_RNA_1,_complete_sequence","KJ746471.1_Barley_stripe_mosaic_virus_strain_XJ_segment_alpha,_complete_sequence",0.9864541832669322,51,3765,3792,3768,3789,0.992879746835443,2,0.0005274261603375527,3768,0.9859339015247028
"NC_003469.1_Barley_stripe_mosaic_virus_RNA_1,_complete_sequence","KJ433977.1_Barley_stripe_mosaic_virus_strain_Qasr_Ibrim_segment_alpha,_complete_sequence",0.9585437151209142,156,3763,3768,3768,3763,0.9986730360934183,1,0.0002653927813163482,3768,0.9582893245383449
"NC_003469.1_Barley_stripe_mosaic_virus_RNA_1,_complete_sequence","JF803283.1_Barley_stripe_mosaic_virus_strain_Norwich_segment_alpha,_complete_sequence",0.9968152866242038,12,3768,3794,3768,3794,0.9931470743278862,2,0.0005271481286241434,3768,0.996289817311276
"NC_003469.1_Barley_stripe_mosaic_virus_RNA_1,_complete_sequence","AY789693.1_Barley_stripe_mosaic_virus_segment_RNA1,_complete_sequence",0.952722443559097,178,3765,3798,3768,3795,0.9913112164296999,3,0.0007898894154818325,3768,0.9519698981850376
"OK558651.1_Barley_stripe_mosaic_virus_isolate_D-5_hypothetical_protein_gene,_complete_cds","OK558652.1_Barley_stripe_mosaic_virus_isolate_ND18_hypothetical_protein_gene,_complete_cds",0.9968304278922345,12,3786,3786,3786,3786,1.0,0,0.0,3786,0.9968304278922345
"OK558651.1_Barley_stripe_mosaic_virus_isolate_D-5_hypothetical_protein_gene,_complete_cds","OK558721.1_Lychnis_ringspot_virus_isolate_VRS-m_replicase_gene,_complete_cds",0.593784078516903,1490,3668,3844,3786,3738,0.9542143600416233,27,0.007023933402705515,3774,0.5896133786938134
"OK558651.1_Barley_stripe_mosaic_virus_isolate_D-5_hypothetical_protein_gene,_complete_cds","OK647860.1_Barley_stripe_mosaic_virus_isolate_Tibet_segment_alpha,_complete_sequence",0.9468791500664011,200,3765,3786,3786,3765,0.9944532488114105,1,0.0002641310089804543,3786,0.9466290499211115
"OK558651.1_Barley_stripe_mosaic_virus_isolate_D-5_hypothetical_protein_gene,_complete_cds","MW752157.1_Ligustrum_mosaic_virus_isolate_CH_segment_RNA1,_complete_sequence",0.608529250956807,1432,3658,3854,3786,3739,0.9491437467566165,21,0.005448884276076803,3783,0.6052134454897357
"OK558651.1_Barley_stripe_mosaic_virus_isolate_D-5_hypothetical_protein_gene,_complete_cds","MK377386.1_Poa_semilatent_virus_isolate_Canada_segment_alpha,_complete_sequence",0.6536193029490617,1292,3730,3913,3786,3873,0.95323281369793,27,0.006900076667518528,3785,0.6491092796473431
"OK558651.1_Barley_stripe_mosaic_virus_isolate_D-5_hypothetical_protein_gene,_complete_cds","MG913809.1_Lychnis_ringspot_virus_strain_SN_segment_RNA_alpha,_complete_sequence",0.5960282916213275,1485,3676,3862,3786,3762,0.9518384256861729,28,0.0072501294665976174,3786,0.5917070093413179
"OK558651.1_Barley_stripe_mosaic_virus_isolate_D-5_hypothetical_protein_gene,_complete_cds","KY615795.1_Barley_stripe_mosaic_virus_isolate_R_segment_alpha,_complete_sequence",0.9499735309687666,189,3778,3786,3786,3778,0.9978869519281564,1,0.0002641310089804543,3786,0.9497226135015271
"OK558651.1_Barley_stripe_mosaic_virus_isolate_D-5_hypothetical_protein_gene,_complete_cds","KY615796.1_Barley_stripe_mosaic_virus_isolate_M_segment_alpha,_complete_sequence",0.9507284768211921,186,3775,3786,3786,3775,0.997094558901215,1,0.0002641310089804543,3786,0.9504773599493428
"OK558651.1_Barley_stripe_mosaic_virus_isolate_D-5_hypothetical_protein_gene,_complete_cds","KY615797.1_Barley_stripe_mosaic_virus_isolate_De-M_segment_alpha,_complete_sequence",0.9891706286318014,41,3786,3791,3786,3791,0.9986810867844896,1,0.0002637826431020839,3786,0.9889097025889019
"OK558651.1_Barley_stripe_mosaic_virus_isolate_D-5_hypothetical_protein_gene,_complete_cds","KY615804.1_Barley_stripe_mosaic_virus_isolate_M/R_segment_alpha,_complete_sequence",0.9483443708609272,195,3775,3787,3786,3776,0.996831264853446,2,0.0005281225244256667,3786,0.9478435288377632
"OK558651.1_Barley_stripe_mosaic_virus_isolate_D-5_hypothetical_protein_gene,_complete_cds","MF768253.1_Lychnis_ringspot_virus_isolate_mild_segment_RNA_alpha,_complete_sequence",0.6057455540355677,1441,3655,3888,3786,3759,0.9400720164609053,28,0.00720164609053498,3785,0.6013831889344885
"OK558651.1_Barley_stripe_mosaic_virus_isolate_D-5_hypothetical_protein_gene,_complete_cds","KJ746471.1_Barley_stripe_mosaic_virus_strain_XJ_segment_alpha,_complete_sequence",0.9532488114104596,177,3786,3789,3786,3789,0.9992082343626286,1,0.0002639218791237794,3786,0.9529972281928796
"OK558651.1_Barley_stripe_mosaic_virus_isolate_D-5_hypothetical_protein_gene,_complete_cds","KJ433977.1_Barley_stripe_mosaic_virus_strain_Qasr_Ibrim_segment_alpha,_complete_sequence",0.9569148936170213,162,3760,3789,3786,3763,0.9923462655054104,2,0.0005278437582475588,3786,0.9564097920632515
"OK558651.1_Barley_stripe_mosaic_virus_isolate_D-5_hypothetical_protein_gene,_complete_cds","JF803283.1_Barley_stripe_mosaic_virus_strain_Norwich_segment_alpha,_complete_sequence",0.9543053354463814,173,3786,3794,3786,3794,0.9978914074855034,3,0.0007907221929362151,3786,0.9535507450388065
"OK558651.1_Barley_stripe_mosaic_virus_isolate_D-5_hypothetical_protein_gene,_complete_cds","AY789693.1_Barley_stripe_mosaic_virus_segment_RNA1,_complete_sequence",0.9566825145272055,164,3786,3795,3786,3795,0.9976284584980237,2,0.0005270092226613965,3786,0.9561783340188909
"OK558652.1_Barley_stripe_mosaic_virus_isolate_ND18_hypothetical_protein_gene,_complete_cds","OK558721.1_Lychnis_ringspot_virus_isolate_VRS-m_replicase_gene,_complete_cds",0.5926935659760088,1494,3668,3844,3786,3738,0.9542143600416233,27,0.007023933402705515,3774,0.5885305258403812
"OK558652.1_Barley_stripe_mosaic_virus_isolate_ND18_hypothetical_protein_gene,_complete_cds","OK647860.1_Barley_stripe_mosaic_virus_isolate_Tibet_segment_alpha,_complete_sequence",0.9468791500664011,200,3765,3786,3786,3765,0.9944532488114105,1,0.0002641310089804543,3786,0.9466290499211115
"OK558652.1_Barley_stripe_mosaic_virus_isolate_ND18_hypothetical_protein_gene,_complete_cds","MW752157.1_Ligustrum_mosaic_virus_isolate_CH_segment_RNA1,_complete_sequence",0.611126335982461,1419,3649,3863,3786,3739,0.9446026404348952,24,0.006212787988609888,3783,0.607329537622746
"OK558652.1_Barley_stripe_mosaic_virus_isolate_ND18_hypothetical_protein_gene,_complete_cds","MK377386.1_Poa_semilatent_virus_isolate_Canada_segment_alpha,_complete_sequence",0.6530831099195711,1294,3730,3913,3786,3873,0.95323281369793,27,0.006900076667518528,3785,0.6485767863908646
"OK558652.1_Barley_stripe_mosaic_virus_isolate_ND18_hypothetical_protein_gene,_complete_cds","MG913809.1_Lychnis_ringspot_virus_strain_SN_segment_RNA_alpha,_complete_sequence",0.5949401523394995,1489,3676,3862,3786,3762,0.9518384256861729,28,0.0072501294665976174,3786,0.5906267592101608
"OK558652.1_Barley_stripe_mosaic_virus_isolate_ND18_hypothetical_protein_gene,_complete_cds","KY615795.1_Barley_stripe_mosaic_virus_isolate_R_segment_alpha,_complete_sequence",0.9489147697194282,193,3778,3786,3786,3778,0.9978869519281564,1,0.0002641310089804543,3786,0.9486641319038658
"OK558652.1_Barley_stripe_mosaic_virus_isolate_ND18_hypothetical_protein_gene,_complete_cds","KY615796.1_Barley_stripe_mosaic_virus_isolate_M_segment_alpha,_complete_sequence",0.9494039735099338,191,3775,3786,3786,3775,0.997094558901215,1,0.0002641310089804543,3786,0.9491532064804805
"OK558652.1_Barley_stripe_mosaic_virus_isolate_ND18_hypothetical_protein_gene,_complete_cds","KY615797.1_Barley_stripe_mosaic_virus_isolate_De-M_segment_alpha,_complete_sequence",0.9870575805599577,49,3786,3791,3786,3791,0.9986810867844896,1,0.0002637826431020839,3786,0.9867972119024636
"OK558652.1_Barley_stripe_mosaic_virus_isolate_ND18_hypothetical_protein_gene,_complete_cds","KY615804.1_Barley_stripe_mosaic_virus_isolate_M/R_segment_alpha,_complete_sequence",0.9472847682119205,199,3775,3787,3786,3776,0.996831264853446,2,0.0005281225244256667,3786,0.9467844857887825
"OK558652.1_Barley_stripe_mosaic_virus_isolate_ND18_hypothetical_protein_gene,_complete_cds","MF768253.1_Lychnis_ringspot_virus_isolate_mild_segment_RNA_alpha,_complete_sequence",0.6060771968245278,1439,3653,3890,3786,3759,0.9390745501285347,28,0.0071979434447300775,3785,0.6017146874386442
"OK558652.1_Barley_stripe_mosaic_virus_isolate_ND18_hypothetical_protein_gene,_complete_cds","KJ746471.1_Barley_stripe_mosaic_virus_strain_XJ_segment_alpha,_complete_sequence",0.9521922873745378,181,3786,3789,3786,3789,0.9992082343626286,1,0.0002639218791237794,3786,0.9519409829967667
"OK558652.1_Barley_stripe_mosaic_virus_isolate_ND18_hypothetical_protein_gene,_complete_cds","KJ433977.1_Barley_stripe_mosaic_virus_strain_Qasr_Ibrim_segment_alpha,_complete_sequence",0.9563829787234043,164,3760,3789,3786,3763,0.9923462655054104,2,0.0005278437582475588,3786,0.9558781579375909
"OK558652.1_Barley_stripe_mosaic_virus_isolate_ND18_hypothetical_protein_gene,_complete_cds","JF803283.1_Barley_stripe_mosaic_virus_strain_Norwich_segment_alpha,_complete_sequence",0.9532488114104596,177,3786,3794,3786,3794,0.9978914074855034,3,0.0007907221929362151,3786,0.9524950564198873
"OK558652.1_Barley_stripe_mosaic_virus_isolate_ND18_hypothetical_protein_gene,_complete_cds","AY789693.1_Barley_stripe_mosaic_virus_segment_RNA1,_complete_sequence",0.9561542525092446,166,3786,3795,3786,3795,0.9976284584980237,2,0.0005270092226613965,3786,0.9556503503998853
"OK558721.1_Lychnis_ringspot_virus_isolate_VRS-m_replicase_gene,_complete_cds","OK647860.1_Barley_stripe_mosaic_virus_isolate_Tibet_segment_alpha,_complete_sequence",0.5977839335180055,1452,3610,3881,3738,3765,0.9301726359185777,28,0.007214635403246586,3738,0.5934711403877545
"OK558721.1_Lychnis_ringspot_virus_isolate_VRS-m_replicase_gene,_complete_cds","MW752157.1_Ligustrum_mosaic_virus_isolate_CH_segment_RNA1,_complete_sequence",0.6808452993768626,1178,3691,3777,3738,3739,0.9772306063012973,16,0.004236166269526079,3738,0.677961125484877
"OK558721.1_Lychnis_ringspot_virus_isolate_VRS-m_replicase_gene,_complete_cds","MK377386.1_Poa_semilatent_virus_isolate_Canada_segment_alpha,_complete_sequence",0.5969738651994498,1465,3635,3964,3738,3873,0.9170030272452069,28,0.007063572149344097,3738,0.5927570972313407
"OK558721.1_Lychnis_ringspot_virus_isolate_VRS-m_replicase_gene,_complete_cds","MG913809.1_Lychnis_ringspot_virus_strain_SN_segment_RNA_alpha,_complete_sequence",0.99812734082397,7,3738,3739,3738,3762,0.9997325488098422,1,0.0002674511901577962,3738,0.9978603904787376
"OK558721.1_Lychnis_ringspot_virus_isolate_VRS-m_replicase_gene,_complete_cds","KY615795.1_Barley_stripe_mosaic_virus_isolate_R_segment_alpha,_complete_sequence",0.5943422136775611,1477,3641,3863,3738,3778,0.9425317111053585,27,0.006989386487186125,3738,0.5901881262405189
"OK558721.1_Lychnis_ringspot_virus_isolate_VRS-m_replicase_gene,_complete_cds","KY615796.1_Barley_stripe_mosaic_virus_isolate_M_segment_alpha,_complete_sequence",0.5940076965365586,1477,3638,3863,3738,3775,0.9417551126067822,26,0.006730520320994046,3738,0.5900097156641924
"OK558721.1_Lychnis_ringspot_virus_isolate_VRS-m_replicase_gene,_complete_cds","KY615797.1_Barley_stripe_mosaic_virus_isolate_De-M_segment_alpha,_complete_sequence",0.6020942408376964,1444,3629,3888,3738,3791,0.9333847736625515,31,0.007973251028806584,3738,0.5972935923124987
"OK558721.1_Lychnis_ringspot_virus_isolate_VRS-m_replicase_gene,_complete_cds","KY615804.1_Barley_stripe_mosaic_virus_isolate_M/R_segment_alpha,_complete_sequence",0.5918086860912589,1485,3638,3864,3738,3776,0.9415113871635611,25,0.006469979296066253,3738,0.5879796961450163
"OK558721.1_Lychnis_ringspot_virus_isolate_VRS-m_replicase_gene,_complete_cds","MF768253.1_Lychnis_ringspot_virus_isolate_mild_segment_RNA_alpha,_complete_sequence",0.8218298555377207,666,3738,3746,3738,3759,0.99786438868126,3,0.000800854244527496,3738,0.8211716896096339
"OK558721.1_Lychnis_ringspot_virus_isolate_VRS-m_replicase_gene,_complete_cds","KJ746471.1_Barley_stripe_mosaic_virus_strain_XJ_segment_alpha,_complete_sequence",0.599009900990099,1458,3636,3879,3738,3789,0.9373549883990719,27,0.0069605568445475635,3738,0.5948404585238106
"OK558721.1_Lychnis_ringspot_virus_isolate_VRS-m_replicase_gene,_complete_cds","KJ433977.1_Barley_stripe_mosaic_virus_strain_Qasr_Ibrim_segment_alpha,_complete_sequence",0.5996104618809126,1439,3594,3895,3738,3763,0.9227214377406932,29,0.007445442875481386,3738,0.5951460964394373
"OK558721.1_Lychnis_ringspot_virus_isolate_VRS-m_replicase_gene,_complete_cds","JF803283.1_Barley_stripe_mosaic_virus_strain_Norwich_segment_alpha,_complete_sequence",0.5943786166988151,1472,3629,3891,3738,3794,0.9326651246466204,24,0.006168080185042405,3738,0.5907124417307422
"OK558721.1_Lychnis_ringspot_virus_isolate_VRS-m_replicase_gene,_complete_cds","AY789693.1_Barley_stripe_mosaic_virus_segment_RNA1,_complete_sequence",0.6006089122612788,1443,3613,3908,3738,3795,0.9245138178096213,26,0.006653019447287615,3738,0.5966130494877903
"OK647860.1_Barley_stripe_mosaic_virus_isolate_Tibet_segment_alpha,_complete_sequence","MW752157.1_Ligustrum_mosaic_virus_isolate_CH_segment_RNA1,_complete_sequence",0.6003834565872364,1459,3651,3840,3765,3739,0.95078125,23,0.005989583333333334,3762,0.5967874098420524
"OK647860.1_Barley_stripe_mosaic_virus_isolate_Tibet_segment_alpha,_complete_sequence","MK377386.1_Poa_semilatent_virus_isolate_Canada_segment_alpha,_complete_sequence",0.6531652360515021,1293,3728,3900,3765,3873,0.9558974358974359,25,0.00641025641025641,3755,0.6489782794101463
"OK647860.1_Barley_stripe_mosaic_virus_isolate_Tibet_segment_alpha,_complete_sequence","MG913809.1_Lychnis_ringspot_virus_strain_SN_segment_RNA_alpha,_complete_sequence",0.5980662983425414,1455,3620,3896,3765,3762,0.9291581108829569,28,0.007186858316221766,3765,0.5937680805926464
"OK647860.1_Barley_stripe_mosaic_virus_isolate_Tibet_segment_alpha,_complete_sequence","KY615795.1_Barley_stripe_mosaic_virus_isolate_R_segment_alpha,_complete_sequence",0.9556440903054448,167,3765,3778,3765,3778,0.9965590259396506,1,0.00026469031233456857,3765,0.9553911405727012
"OK647860.1_Barley_stripe_mosaic_virus_isolate_Tibet_segment_alpha,_complete_sequence","KY615796.1_Barley_stripe_mosaic_virus_isolate_M_segment_alpha,_complete_sequence",0.9561752988047809,165,3765,3775,3765,3775,0.9973509933774835,1,0.00026490066225165563,3765,0.9559220073348988
"OK647860.1_Barley_stripe_mosaic_virus_isolate_Tibet_segment_alpha,_complete_sequence","KY615797.1_Barley_stripe_mosaic_virus_isolate_De-M_segment_alpha,_complete_sequence",0.947675962815405,197,3765,3791,3765,3791,0.9931416512793458,1,0.0002637826431020839,3765,0.9474259823451292
"OK647860.1_Barley_stripe_mosaic_virus_isolate_Tibet_segment_alpha,_complete_sequence","KY615804.1_Barley_stripe_mosaic_virus_isolate_M/R_segment_alpha,_complete_sequence",0.953519256308101,175,3765,3776,3765,3776,0.9970868644067796,2,0.0005296610169491525,3765,0.9530142143291241
"OK647860.1_Barley_stripe_mosaic_virus_isolate_Tibet_segment_alpha,_complete_sequence","MF768253.1_Lychnis_ringspot_virus_isolate_mild_segment_RNA_alpha,_complete_sequence",0.6059857221306975,1435,3642,3881,3765,3759,0.9384179335222881,31,0.007987632053594434,3765,0.6011453311525857
"OK647860.1_Barley_stripe_mosaic_virus_isolate_Tibet_segment_alpha,_complete_sequence","KJ746471.1_Barley_stripe_mosaic_virus_strain_XJ_segment_alpha,_complete_sequence",0.9588313413014609,155,3765,3789,3765,3789,0.9936658749010293,1,0.0002639218791237794,3765,0.9585782847321017
"OK647860.1_Barley_stripe_mosaic_virus_isolate_Tibet_segment_alpha,_complete_sequence","KJ433977.1_Barley_stripe_mosaic_virus_strain_Qasr_Ibrim_segment_alpha,_complete_sequence",0.9502659574468085,187,3760,3768,3765,3763,0.9978768577494692,2,0.0005307855626326964,3765,0.9497615699959344
"OK647860.1_Barley_stripe_mosaic_virus_isolate_Tibet_segment_alpha,_complete_sequence","JF803283.1_Barley_stripe_mosaic_virus_strain_Norwich_segment_alpha,_complete_sequence",0.9590969455511288,154,3765,3794,3765,3794,0.9923563521349499,3,0.0007907221929362151,3765,0.9583385663111041
"OK647860.1_Barley_stripe_mosaic_virus_isolate_Tibet_segment_alpha,_complete_sequence","AY789693.1_Barley_stripe_mosaic_virus_segment_RNA1,_complete_sequence",0.949800796812749,189,3765,3795,3765,3795,0.9920948616600791,2,0.0005270092226613965,3765,0.9493002430331375
"MW752157.1_Ligustrum_mosaic_virus_isolate_CH_segment_RNA1,_complete_sequence","MK377386.1_Poa_semilatent_virus_isolate_Canada_segment_alpha,_complete_sequence",0.6012051492741715,1456,3651,3960,3739,3873,0.921969696969697,28,0.007070707070707071,3739,0.596954203774253
"MW752157.1_Ligustrum_mosaic_virus_isolate_CH_segment_RNA1,_complete_sequence","MG913809.1_Lychnis_ringspot_virus_strain_SN_segment_RNA_alpha,_complete_sequence",0.679816265874088,1185,3701,3789,3739,3762,0.9767748746371074,16,0.00422275006598047,3739,0.6769455716925137
"MW752157.1_Ligustrum_mosaic_virus_isolate_CH_segment_RNA1,_complete_sequence","KY615795.1_Barley_stripe_mosaic_virus_isolate_R_segment_alpha,_complete_sequence",0.6050397151465352,1442,3651,3853,3739,3778,0.9475733194913055,25,0.006488450558006748,3729,0.6011139448691765
"MW752157.1_Ligustrum_mosaic_virus_isolate_CH_segment_RNA1,_complete_sequence","KY615796.1_Barley_stripe_mosaic_virus_isolate_M_segment_alpha,_complete_sequence",0.6053136127088469,1441,3651,3850,3739,3775,0.9483116883116883,25,0.006493506493506494,3729,0.6013830048341141
"MW752157.1_Ligustrum_mosaic_virus_isolate_CH_segment_RNA1,_complete_sequence","KY615797.1_Barley_stripe_mosaic_virus_isolate_De-M_segment_alpha,_complete_sequence",0.6074357572443958,1436,3658,3859,3739,3791,0.9479139673490542,22,0.005700958797615963,3729,0.6039727910201468
"MW752157.1_Ligustrum_mosaic_virus_isolate_CH_segment_RNA1,_complete_sequence","KY615804.1_Barley_stripe_mosaic_virus_isolate_M/R_segment_alpha,_complete_sequence",0.6042180224596001,1445,3651,3851,3739,3776,0.9480654375486887,25,0.006491820306413918,3729,0.6002955476318956
"MW752157.1_Ligustrum_mosaic_virus_isolate_CH_segment_RNA1,_complete_sequence","MF768253.1_Lychnis_ringspot_virus_isolate_mild_segment_RNA_alpha,_complete_sequence",0.6864704293815824,1161,3703,3794,3739,3759,0.9760147601476015,16,0.004217185028993147,3739,0.6835754565639479
"MW752157.1_Ligustrum_mosaic_virus_isolate_CH_segment_RNA1,_complete_sequence","KJ746471.1_Barley_stripe_mosaic_virus_strain_XJ_segment_alpha,_complete_sequence",0.6030054644808743,1453,3660,3855,3739,3789,0.9494163424124513,20,0.005188067444876783,3729,0.5998770314615183
"MW752157.1_Ligustrum_mosaic_virus_isolate_CH_segment_RNA1,_complete_sequence","KJ433977.1_Barley_stripe_mosaic_virus_strain_Qasr_Ibrim_segment_alpha,_complete_sequence",0.6018087147163607,1453,3649,3849,3739,3763,0.9480384515458561,24,0.006235385814497272,3738,0.5980562051935775
"MW752157.1_Ligustrum_mosaic_virus_isolate_CH_segment_RNA1,_complete_sequence","JF803283.1_Barley_stripe_mosaic_virus_strain_Norwich_segment_alpha,_complete_sequence",0.6090534979423868,1425,3645,3875,3739,3794,0.9406451612903226,26,0.006709677419354839,3729,0.6049669454400638
"MW752157.1_Ligustrum_mosaic_virus_isolate_CH_segment_RNA1,_complete_sequence","AY789693.1_Barley_stripe_mosaic_virus_segment_RNA1,_complete_sequence",0.609456135556163,1429,3659,3862,3739,3795,0.9474365613671673,23,0.005955463490419472,3729,0.6058265417918461
"MK377386.1_Poa_semilatent_virus_isolate_Canada_segment_alpha,_complete_sequence","MG913809.1_Lychnis_ringspot_virus_strain_SN_segment_RNA_alpha,_complete_sequence",0.6001648804616653,1455,3639,3986,3873,3762,0.9129453085800301,28,0.007024586051179127,3873,0.5959489706139667
"MK377386.1_Poa_semilatent_virus_isolate_Canada_segment_alpha,_complete_sequence","KY615795.1_Barley_stripe_mosaic_virus_isolate_R_segment_alpha,_complete_sequence",0.6559657570893527,1286,3738,3903,3873,3778,0.9577248270561107,28,0.0071739687419933385,3873,0.6512598792521757
"MK377386.1_Poa_semilatent_virus_isolate_Canada_segment_alpha,_complete_sequence","KY615796.1_Barley_stripe_mosaic_virus_isolate_M_segment_alpha,_complete_sequence",0.6558823529411765,1287,3740,3898,3873,3775,0.9594663930220626,28,0.007183170856849667,3873,0.6511710379380073
"MK377386.1_Poa_semilatent_virus_isolate_Canada_segment_alpha,_complete_sequence","KY615797.1_Barley_stripe_mosaic_virus_isolate_De-M_segment_alpha,_complete_sequence",0.6497326203208555,1310,3740,3909,3873,3791,0.9567664364287541,27,0.006907137375287797,3858,0.6452448278550936
"MK377386.1_Poa_semilatent_virus_isolate_Canada_segment_alpha,_complete_sequence","KY615804.1_Barley_stripe_mosaic_virus_isolate_M/R_segment_alpha,_complete_sequence",0.6556149732620321,1288,3740,3899,3873,3776,0.9592203129007438,28,0.00718132854578097,3873,0.650906786739504
"MK377386.1_Poa_semilatent_virus_isolate_Canada_segment_alpha,_complete_sequence","MF768253.1_Lychnis_ringspot_virus_isolate_mild_segment_RNA_alpha,_complete_sequence",0.6130968622100955,1418,3665,3967,3873,3759,0.9238719435341568,34,0.008570708343836652,3873,0.6078421878175714
"MK377386.1_Poa_semilatent_virus_isolate_Canada_segment_alpha,_complete_sequence","KJ746471.1_Barley_stripe_mosaic_virus_strain_XJ_segment_alpha,_complete_sequence",0.6537027171017582,1300,3754,3898,3873,3789,0.9630579784504875,25,0.006413545407901488,3873,0.6495101650423575
"MK377386.1_Poa_semilatent_virus_isolate_Canada_segment_alpha,_complete_sequence","KJ433977.1_Barley_stripe_mosaic_virus_strain_Qasr_Ibrim_segment_alpha,_complete_sequence",0.6518697874630077,1294,3717,3909,3873,3763,0.9508825786646201,29,0.007418777180864671,3873,0.647033710758882
"MK377386.1_Poa_semilatent_virus_isolate_Canada_segment_alpha,_complete_sequence","JF803283.1_Barley_stripe_mosaic_virus_strain_Norwich_segment_alpha,_complete_sequence",0.6531266702298236,1298,3742,3915,3873,3794,0.9558109833971903,25,0.006385696040868455,3873,0.6489560018375514
"MK377386.1_Poa_semilatent_virus_isolate_Canada_segment_alpha,_complete_sequence","AY789693.1_Barley_stripe_mosaic_virus_segment_RNA1,_complete_sequence",0.6511442256519425,1311,3758,3900,3873,3795,0.9635897435897436,26,0.006666666666666667,3873,0.6468032641475963
"MG913809.1_Lychnis_ringspot_virus_strain_SN_segment_RNA_alpha,_complete_sequence","KY615795.1_Barley_stripe_mosaic_virus_isolate_R_segment_alpha,_complete_sequence",0.5945797974267726,1481,3653,3876,3762,3778,0.9424664602683178,26,0.006707946336429308,3751,0.5905913880529088
"MG913809.1_Lychnis_ringspot_virus_strain_SN_segment_RNA_alpha,_complete_sequence","KY615796.1_Barley_stripe_mosaic_virus_isolate_M_segment_alpha,_complete_sequence",0.5947945205479452,1479,3650,3876,3762,3775,0.9416924664602683,26,0.006707946336429308,3751,0.5908046708229074
"MG913809.1_Lychnis_ringspot_virus_strain_SN_segment_RNA_alpha,_complete_sequence","KY615797.1_Barley_stripe_mosaic_virus_isolate_De-M_segment_alpha,_complete_sequence",0.6021416803953872,1449,3642,3900,3762,3791,0.9338461538461539,30,0.007692307692307693,3751,0.5975098213154226
"MG913809.1_Lychnis_ringspot_virus_strain_SN_segment_RNA_alpha,_complete_sequence","KY615804.1_Barley_stripe_mosaic_virus_isolate_M/R_segment_alpha,_complete_sequence",0.5913566739606126,1494,3656,3871,3762,3776,0.9444587961766985,24,0.006199948333763886,3751,0.5876902931352304
"MG913809.1_Lychnis_ringspot_virus_strain_SN_segment_RNA_alpha,_complete_sequence","MF768253.1_Lychnis_ringspot_virus_isolate_mild_segment_RNA_alpha,_complete_sequence",0.822228144989339,667,3752,3759,3762,3759,0.9981378026070763,2,0.0005320563979781857,3752,0.8217906732441997
"MG913809.1_Lychnis_ringspot_virus_strain_SN_segment_RNA_alpha,_complete_sequence","KJ746471.1_Barley_stripe_mosaic_virus_strain_XJ_segment_alpha,_complete_sequence",0.599945160405813,1459,3647,3893,3762,3789,0.936809658361161,28,0.007192396609298741,3751,0.5956301168683451
"MG913809.1_Lychnis_ringspot_virus_strain_SN_segment_RNA_alpha,_complete_sequence","KJ433977.1_Barley_stripe_mosaic_virus_strain_Qasr_Ibrim_segment_alpha,_complete_sequence",0.5996677740863787,1446,3612,3902,3762,3763,0.9256791389031266,30,0.007688364941055869,3751,0.595057309395812
"MG913809.1_Lychnis_ringspot_virus_strain_SN_segment_RNA_alpha,_complete_sequence","JF803283.1_Barley_stripe_mosaic_virus_strain_Norwich_segment_alpha,_complete_sequence",0.5944535969247666,1477,3642,3903,3762,3794,0.9331283627978478,23,0.0058929028952088135,3751,0.5909505396023814
"MG913809.1_Lychnis_ringspot_virus_strain_SN_segment_RNA_alpha,_complete_sequence","AY789693.1_Barley_stripe_mosaic_virus_segment_RNA1,_complete_sequence",0.6009363811622143,1449,3631,3915,3762,3795,0.9274584929757343,26,0.0066411238825031926,3751,0.5969454882094128
"KY615795.1_Barley_stripe_mosaic_virus_isolate_R_segment_alpha,_complete_sequence","KY615796.1_Barley_stripe_mosaic_virus_isolate_M_segment_alpha,_complete_sequence",0.9984105960264901,6,3775,3778,3778,3775,0.9992059290629963,1,0.00026469031233456857,3778,0.9981463264139897
"KY615795.1_Barley_stripe_mosaic_virus_isolate_R_segment_alpha,_complete_sequence","KY615797.1_Barley_stripe_mosaic_virus_isolate_De-M_segment_alpha,_complete_sequence",0.9560614081524617,166,3778,3791,3778,3791,0.9965708256396729,1,0.0002637826431020839,3778,0.9558092157472513
"KY615795.1_Barley_stripe_mosaic_virus_isolate_R_segment_alpha,_complete_sequence","KY615804.1_Barley_stripe_mosaic_virus_isolate_M/R_segment_alpha,_complete_sequence",0.9957615894039735,16,3775,3779,3778,3776,0.9989415189203493,2,0.0005292405398253506,3778,0.99523459200286
"KY615795.1_Barley_stripe_mosaic_virus_isolate_R_segment_alpha,_complete_sequence","MF768253.1_Lychnis_ringspot_virus_isolate_mild_segment_RNA_alpha,_complete_sequence",0.6054515418502202,1433,3632,3904,3778,3759,0.930327868852459,27,0.006915983606557377,3778,0.6012642489122192
"KY615795.1_Barley_stripe_mosaic_virus_isolate_R_segment_alpha,_complete_sequence","KJ746471.1_Barley_stripe_mosaic_virus_strain_XJ_segment_alpha,_complete_sequence",0.9809422975119111,72,3778,3789,3778,3789,0.9970968593296384,1,0.0002639218791237794,3778,0.9806834053774397
"KY615795.1_Barley_stripe_mosaic_virus_isolate_R_segment_alpha,_complete_sequence","KJ433977.1_Barley_stripe_mosaic_virus_strain_Qasr_Ibrim_segment_alpha,_complete_sequence",0.9542553191489361,172,3760,3781,3778,3763,0.9944459137794235,2,0.0005289605924358636,3778,0.953750555689984
"KY615795.1_Barley_stripe_mosaic_virus_isolate_R_segment_alpha,_complete_sequence","JF803283.1_Barley_stripe_mosaic_virus_strain_Norwich_segment_alpha,_complete_sequence",0.9814716781365802,70,3778,3794,3778,3794,0.9957828149710068,3,0.0007907221929362151,3778,0.9806956066989393
"KY615795.1_Barley_stripe_mosaic_virus_isolate_R_segment_alpha,_complete_sequence","AY789693.1_Barley_stripe_mosaic_virus_segment_RNA1,_complete_sequence",0.9502382212811011,188,3778,3795,3778,3795,0.9955204216073781,2,0.0005270092226613965,3778,0.9497374369747607
"KY615796.1_Barley_stripe_mosaic_virus_isolate_M_segment_alpha,_complete_sequence","KY615797.1_Barley_stripe_mosaic_virus_isolate_De-M_segment_alpha,_complete_sequence",0.9568211920529801,163,3775,3791,3775,3791,0.9957794777103667,1,0.0002637826431020839,3775,0.9565687992299643
"KY615796.1_Barley_stripe_mosaic_virus_isolate_M_segment_alpha,_complete_sequence","KY615804.1_Barley_stripe_mosaic_virus_isolate_M/R_segment_alpha,_complete_sequence",0.9962913907284768,14,3775,3776,3775,3776,0.9997351694915254,1,0.00026483050847457627,3775,0.9960275423728814
"KY615796.1_Barley_stripe_mosaic_virus_isolate_M_segment_alpha,_complete_sequence","MF768253.1_Lychnis_ringspot_virus_isolate_mild_segment_RNA_alpha,_complete_sequence",0.6056764949021769,1431,3629,3904,3775,3759,0.9295594262295082,27,0.006915983606557377,3775,0.6014876461925562
"KY615796.1_Barley_stripe_mosaic_virus_isolate_M_segment_alpha,_complete_sequence","KJ746471.1_Barley_stripe_mosaic_virus_strain_XJ_segment_alpha,_complete_sequence",0.9814569536423841,70,3775,3789,3775,3789,0.996305093692267,1,0.0002639218791237794,3775,0.9811979256788996
"KY615796.1_Barley_stripe_mosaic_virus_isolate_M_segment_alpha,_complete_sequence","KJ433977.1_Barley_stripe_mosaic_virus_strain_Qasr_Ibrim_segment_alpha,_complete_sequence",0.9547872340425532,170,3760,3778,3775,3763,0.9952355743779777,2,0.0005293806246691371,3775,0.9542817881801696
"KY615796.1_Barley_stripe_mosaic_virus_isolate_M_segment_alpha,_complete_sequence","JF803283.1_Barley_stripe_mosaic_virus_strain_Norwich_segment_alpha,_complete_sequence",0.9819867549668874,68,3775,3794,3775,3794,0.9949920927780707,3,0.0007907221929362151,3775,0.9812102762465656
"KY615796.1_Barley_stripe_mosaic_virus_isolate_M_segment_alpha,_complete_sequence","AY789693.1_Barley_stripe_mosaic_virus_segment_RNA1,_complete_sequence",0.9507284768211921,186,3775,3795,3775,3795,0.994729907773386,2,0.0005270092226613965,3775,0.9502274341456606
"KY615797.1_Barley_stripe_mosaic_virus_isolate_De-M_segment_alpha,_complete_sequence","KY615804.1_Barley_stripe_mosaic_virus_isolate_M/R_segment_alpha,_complete_sequence",0.9544370860927153,172,3775,3792,3791,3776,0.9955168776371308,2,0.0005274261603375527,3791,0.9539336910051136
"KY615797.1_Barley_stripe_mosaic_virus_isolate_De-M_segment_alpha,_complete_sequence","MF768253.1_Lychnis_ringspot_virus_isolate_mild_segment_RNA_alpha,_complete_sequence",0.6084452975047985,1428,3647,3902,3791,3759,0.9346488980010251,27,0.006919528446950282,3791,0.6042351429603009
"KY615797.1_Barley_stripe_mosaic_virus_isolate_De-M_segment_alpha,_complete_sequence","KJ746471.1_Barley_stripe_mosaic_virus_strain_XJ_segment_alpha,_complete_sequence",0.9583003430984429,158,3789,3791,3791,3789,0.9994724347137959,1,0.0002637826431020839,3791,0.9580475601010547
"KY615797.1_Barley_stripe_mosaic_virus_isolate_De-M_segment_alpha,_complete_sequence","KJ433977.1_Barley_stripe_mosaic_virus_strain_Qasr_Ibrim_segment_alpha,_complete_sequence",0.9563829787234043,164,3760,3794,3791,3763,0.9910384818133896,2,0.0005271481286241434,3791,0.9558788232259223
"KY615797.1_Barley_stripe_mosaic_virus_isolate_De-M_segment_alpha,_complete_sequence","JF803283.1_Barley_stripe_mosaic_virus_strain_Norwich_segment_alpha,_complete_sequence",0.9601583113456464,151,3790,3795,3791,3794,0.9986824769433466,3,0.0007905138339920949,3791,0.9593992929177052
"KY615797.1_Barley_stripe_mosaic_virus_isolate_De-M_segment_alpha,_complete_sequence","AY789693.1_Barley_stripe_mosaic_virus_segment_RNA1,_complete_sequence",0.9535742548140332,176,3791,3795,3791,3795,0.9989459815546772,2,0.0005270092226613965,3791,0.9530717123872539
"KY615804.1_Barley_stripe_mosaic_virus_isolate_M/R_segment_alpha,_complete_sequence","MF768253.1_Lychnis_ringspot_virus_isolate_mild_segment_RNA_alpha,_complete_sequence",0.6046639231824418,1441,3645,3889,3776,3759,0.9372589354589869,29,0.007456929802005657,3776,0.600154986753465
"KY615804.1_Barley_stripe_mosaic_virus_isolate_M/R_segment_alpha,_complete_sequence","KJ746471.1_Barley_stripe_mosaic_virus_strain_XJ_segment_alpha,_complete_sequence",0.9788079470198675,80,3775,3790,3776,3789,0.996042216358839,2,0.0005277044854881266,3776,0.9782914256757937
"KY615804.1_Barley_stripe_mosaic_virus_isolate_M/R_segment_alpha,_complete_sequence","KJ433977.1_Barley_stripe_mosaic_virus_strain_Qasr_Ibrim_segment_alpha,_complete_sequence",0.9531914893617022,176,3760,3779,3776,3763,0.9949722148716592,3,0.0007938608097380259,3776,0.9524347879941222
"KY615804.1_Barley_stripe_mosaic_virus_isolate_M/R_segment_alpha,_complete_sequence","JF803283.1_Barley_stripe_mosaic_virus_strain_Norwich_segment_alpha,_complete_sequence",0.979343220338983,78,3776,3794,3776,3794,0.9952556668423828,2,0.0005271481286241434,3776,0.9788269613931007
"KY615804.1_Barley_stripe_mosaic_virus_isolate_M/R_segment_alpha,_complete_sequence","AY789693.1_Barley_stripe_mosaic_virus_segment_RNA1,_complete_sequence",0.9491525423728814,192,3776,3795,3776,3795,0.9949934123847167,1,0.00026350461133069827,3776,0.9489024363011098
"MF768253.1_Lychnis_ringspot_virus_isolate_mild_segment_RNA_alpha,_complete_sequence","KJ746471.1_Barley_stripe_mosaic_virus_strain_XJ_segment_alpha,_complete_sequence",0.6087316938380768,1416,3619,3928,3759,3789,0.9213340122199593,25,0.006364562118126273,3758,0.6048573831593721
"MF768253.1_Lychnis_ringspot_virus_isolate_mild_segment_RNA_alpha,_complete_sequence","KJ433977.1_Barley_stripe_mosaic_virus_strain_Qasr_Ibrim_segment_alpha,_complete_sequence",0.6072707243183696,1426,3631,3890,3759,3763,0.9334190231362468,32,0.008226221079691516,3758,0.6022751810849023
"MF768253.1_Lychnis_ringspot_virus_isolate_mild_segment_RNA_alpha,_complete_sequence","JF803283.1_Barley_stripe_mosaic_virus_strain_Norwich_segment_alpha,_complete_sequence",0.606985698569857,1429,3636,3916,3759,3794,0.9284984678243106,28,0.007150153217568948,3758,0.6026456578242093
"MF768253.1_Lychnis_ringspot_virus_isolate_mild_segment_RNA_alpha,_complete_sequence","AY789693.1_Barley_stripe_mosaic_virus_segment_RNA1,_complete_sequence",0.6134732192159028,1400,3622,3931,3759,3795,0.9213940473162046,27,0.006868481302467566,3758,0.6092595898801538
"KJ746471.1_Barley_stripe_mosaic_virus_strain_XJ_segment_alpha,_complete_sequence","KJ433977.1_Barley_stripe_mosaic_virus_strain_Qasr_Ibrim_segment_alpha,_complete_sequence",0.9593085106382979,153,3760,3792,3789,3763,0.9915611814345991,2,0.0005274261603375527,3789,0.9588025462339529
"KJ746471.1_Barley_stripe_mosaic_virus_strain_XJ_segment_alpha,_complete_sequence","JF803283.1_Barley_stripe_mosaic_virus_strain_Norwich_segment_alpha,_complete_sequence",0.9865399841646872,51,3789,3794,3789,3794,0.9986821296784396,3,0.0007907221929362151,3789,0.9857599051049893
"KJ746471.1_Barley_stripe_mosaic_virus_strain_XJ_segment_alpha,_complete_sequence","AY789693.1_Barley_stripe_mosaic_virus_segment_RNA1,_complete_sequence",0.953285827395091,177,3789,3795,3789,3795,0.9984189723320158,2,0.0005270092226613965,3789,0.9527834369722215
"KJ433977.1_Barley_stripe_mosaic_virus_strain_Qasr_Ibrim_segment_alpha,_complete_sequence","JF803283.1_Barley_stripe_mosaic_virus_strain_Norwich_segment_alpha,_complete_sequence",0.9593409513685889,153,3763,3794,3763,3794,0.9918292040063258,2,0.0005271481286241434,3763,0.9588352365813625
"KJ433977.1_Barley_stripe_mosaic_virus_strain_Qasr_Ibrim_segment_alpha,_complete_sequence","AY789693.1_Barley_stripe_mosaic_virus_segment_RNA1,_complete_sequence",0.9582446808510638,157,3760,3798,3763,3795,0.9899947340705635,3,0.0007898894154818325,3763,0.9574877735202177
"JF803283.1_Barley_stripe_mosaic_virus_strain_Norwich_segment_alpha,_complete_sequence","AY789693.1_Barley_stripe_mosaic_virus_segment_RNA1,_complete_sequence",0.9546293853864416,172,3791,3798,3794,3795,0.9981569246972091,2,0.000526592943654555,3794,0.9541266842882918
