NC_074955.1	YP_008802584.1_183k_replicase_[Yellow_tailflower_mild_mottle_virus]	23.2	753	472	29	2950	4938	834	1570	6.4e-19	92.0
NC_074955.1	AIX94570.1_replicase_[Yellow_tailflower_mild_mottle_virus]	23.4	753	471	29	2950	4938	834	1570	6.4e-19	92.0
NC_074955.1	AEV40683.1_replicase_large_component_[Cucumber_fruit_mottle_mosaic_virus]	22.6	760	486	27	2932	4944	878	1624	1.4e-18	90.9
NC_074955.1	QSM07164.1_RNA-dependent_RNA_polymerase_[Cucumber_fruit_mottle_mosaic_virus]	22.9	759	473	29	2950	4944	884	1624	4.2e-18	89.4
NC_074955.1	AEI29173.1_putative_RNA_replicase,_partial_[Passion_fruit_mosaic_virus-TGP]	22.5	782	459	30	2950	4944	807	1558	4.6e-17	85.9
NC_074955.1	YP_004465358.1_184_kDa_protein_[Passion_fruit_mosaic_virus]	22.7	770	472	28	2950	4944	818	1569	1.3e-16	84.3
NC_074955.1	NP_072162.1_replicase_large_component_[Cucumber_fruit_mottle_mosaic_virus]	22.6	760	482	30	2932	4944	879	1621	2.3e-16	83.6
NC_074955.1	YP_008802585.1_129k_replicase_protein_[Yellow_tailflower_mild_mottle_virus]	27.7	249	136	8	2950	3564	834	1082	7.6e-12	68.6
NC_074955.1	YP_950421.1_126_kDa_replicase_[Maracuja_mosaic_virus]	29.0	259	139	12	2911	3561	809	1064	1.3e-11	67.8
NC_074955.1	AVK59484.1_126_kDA_protein_[Rehmannia_mosaic_virus]	27.6	246	136	9	2950	3561	833	1078	3.2e-10	63.2
NC_074955.1	QSM07161.1_replication_protein_[Cucumber_fruit_mottle_mosaic_virus]	30.0	247	129	12	2950	3564	884	1128	9.3e-10	61.6
NC_074955.1	ALU84940.1_188_kDa_polymerase_[Hibiscus_latent_Fort_Pierce_virus]	23.0	252	177	7	4228	4944	1353	1600	2.1e-09	60.5
NC_074955.1	QZL11035.1_186_kDa_polymerase_[Hibiscus_latent_Fort_Pierce_virus]	23.0	252	177	7	4228	4944	1353	1600	2.7e-09	60.1
NC_074955.1	QWX21611.1_RNA-dependent_RNA_polymerase_[Hibiscus_latent_Fort_Pierce_virus]	23.0	252	177	7	4228	4944	1353	1600	2.7e-09	60.1
NC_074955.1	QRV07326.1_polymerase_[Hibiscus_latent_Fort_Pierce_virus]	23.4	252	176	7	4228	4944	1353	1600	2.7e-09	60.1
NC_074955.1	YP_009094908.1_187_kDa_polymerase_[Hibiscus_latent_Fort_Pierce_virus]	23.0	252	177	7	4228	4944	1353	1600	2.7e-09	60.1
NC_074955.1	YP_004465359.1_125_kDa_protein_[Passion_fruit_mosaic_virus]	28.1	249	133	12	2950	3567	818	1063	1.3e-08	57.8
NC_074955.1	YP_009362088.1_protein_126_[Hoya_chlorotic_spot_virus]	26.9	275	150	11	2881	3561	800	1071	3.0e-08	56.6
NC_074955.1	YP_009362087.1_protein_183_[Hoya_chlorotic_spot_virus]	26.9	275	150	11	2881	3561	800	1071	3.0e-08	56.6
NC_074955.1	NP_620841.1_180K_protein_[Obuda_pepper_virus]	27.4	248	134	9	2950	3561	832	1077	3.9e-08	56.2
NC_075080.1	QTT61728.1_replication-associated_protein_[Opuntia_virus_2]	49.3	136	60	4	1680	1300	209	344	6.7e-30	127.1
NC_075080.1	QTT61728.1_replication-associated_protein_[Opuntia_virus_2]	33.8	204	127	4	2431	1835	1	201	5.0e-25	110.9
NC_075080.1	QTT61878.1_replication-associated_protein_[Opuntia_virus_2]	48.5	136	61	4	1680	1300	210	345	1.5e-29	125.9
NC_075080.1	QTT61878.1_replication-associated_protein_[Opuntia_virus_2]	34.8	204	126	4	2431	1835	1	202	9.0e-27	116.7
NC_075080.1	QTT61788.1_replication-associated_protein_[Opuntia_virus_2]	48.5	136	61	4	1680	1300	209	344	1.5e-29	125.9
NC_075080.1	QTT61788.1_replication-associated_protein_[Opuntia_virus_2]	32.7	205	128	4	2431	1835	1	201	1.1e-24	109.8
NC_075080.1	QTT61678.1_replication-associated_protein_[Opuntia_virus_2]	47.8	136	62	4	1680	1300	210	345	1.5e-29	125.9
NC_075080.1	QTT61678.1_replication-associated_protein_[Opuntia_virus_2]	34.7	196	122	3	2407	1835	8	202	3.4e-26	114.8
NC_075080.1	QTT61683.1_replication-associated_protein_[Opuntia_virus_2]	47.8	136	62	4	1680	1300	210	345	1.9e-29	125.6
NC_075080.1	QTT61683.1_replication-associated_protein_[Opuntia_virus_2]	34.8	204	126	4	2431	1835	1	202	9.0e-27	116.7
NC_075080.1	QTT61673.1_replication-associated_protein_[Opuntia_virus_2]	47.8	136	62	4	1680	1300	210	345	1.9e-29	125.6
NC_075080.1	QTT61673.1_replication-associated_protein_[Opuntia_virus_2]	34.8	204	126	4	2431	1835	1	202	9.0e-27	116.7
NC_075080.1	QTT61693.1_replication-associated_protein_[Opuntia_virus_2]	47.8	136	62	4	1680	1300	210	345	1.9e-29	125.6
NC_075080.1	QTT61693.1_replication-associated_protein_[Opuntia_virus_2]	34.8	204	126	4	2431	1835	1	202	6.9e-27	117.1
NC_075080.1	QTT61798.1_replication-associated_protein_[Opuntia_virus_2]	48.5	136	61	4	1680	1300	209	344	2.5e-29	125.2
NC_075080.1	QTT61798.1_replication-associated_protein_[Opuntia_virus_2]	34.8	201	123	3	2419	1835	3	201	3.1e-27	118.2
NC_075080.1	QTT61808.1_replication-associated_protein_[Opuntia_virus_2]	48.5	136	61	4	1680	1300	209	344	2.5e-29	125.2
NC_075080.1	QTT61808.1_replication-associated_protein_[Opuntia_virus_2]	32.2	205	129	4	2431	1835	1	201	1.1e-24	109.8
NC_075080.1	QTT61818.1_replication-associated_protein_[Opuntia_virus_2]	47.8	136	62	4	1680	1300	210	345	2.5e-29	125.2
NC_075080.1	QTT61818.1_replication-associated_protein_[Opuntia_virus_2]	34.5	200	125	3	2419	1835	4	202	7.6e-26	113.6
NC_075080.1	QTT61858.1_replication-associated_protein_[Opuntia_virus_2]	48.5	136	61	4	1680	1300	209	344	2.5e-29	125.2
NC_075080.1	QTT61858.1_replication-associated_protein_[Opuntia_virus_2]	34.8	201	123	3	2419	1835	3	201	3.1e-27	118.2
NC_075080.1	QTT61758.1_replication-associated_protein_[Opuntia_virus_2]	48.5	136	61	4	1680	1300	209	344	2.5e-29	125.2
NC_075080.1	QTT61758.1_replication-associated_protein_[Opuntia_virus_2]	34.8	201	123	3	2419	1835	3	201	2.4e-27	118.6
NC_075080.1	QTT61753.1_replication-associated_protein_[Opuntia_virus_2]	47.8	136	62	4	1680	1300	209	344	2.5e-29	125.2
NC_075080.1	QTT61753.1_replication-associated_protein_[Opuntia_virus_2]	33.3	204	128	4	2431	1835	1	201	1.4e-24	109.4
NC_075080.1	QTT61713.1_replication-associated_protein_[Opuntia_virus_2]	47.8	136	62	4	1680	1300	209	344	2.5e-29	125.2
NC_075080.1	QTT61713.1_replication-associated_protein_[Opuntia_virus_2]	33.3	204	128	4	2431	1835	1	201	1.1e-24	109.8
NC_075080.1	QTT61733.1_replication-associated_protein_[Opuntia_virus_2]	47.8	136	62	4	1680	1300	209	344	2.5e-29	125.2
NC_075080.1	QTT61733.1_replication-associated_protein_[Opuntia_virus_2]	33.3	204	128	4	2431	1835	1	201	1.4e-24	109.4
NC_075080.1	QTT61768.1_replication-associated_protein_[Opuntia_virus_2]	48.5	136	61	4	1680	1300	209	344	2.5e-29	125.2
NC_075080.1	QTT61768.1_replication-associated_protein_[Opuntia_virus_2]	32.2	205	129	4	2431	1835	1	201	8.5e-25	110.2
NC_075080.1	QTT61828.1_replication-associated_protein_[Opuntia_virus_2]	48.5	136	61	4	1680	1300	209	344	3.3e-29	124.8
NC_075080.1	QTT61828.1_replication-associated_protein_[Opuntia_virus_2]	32.8	201	127	3	2419	1835	3	201	5.9e-26	114.0
NC_075080.1	QTT61838.1_replication-associated_protein_[Opuntia_virus_2]	48.5	136	61	4	1680	1300	209	344	3.3e-29	124.8
NC_075080.1	QTT61838.1_replication-associated_protein_[Opuntia_virus_2]	32.8	201	127	3	2419	1835	3	201	1.7e-25	112.5
NC_075080.1	QTT61868.1_replication-associated_protein_[Opuntia_virus_2]	47.8	136	62	4	1680	1300	209	344	5.7e-29	124.0
NC_075080.1	QTT61868.1_replication-associated_protein_[Opuntia_virus_2]	32.8	201	127	3	2419	1835	3	201	7.6e-26	113.6
NC_075080.1	QTT61863.1_replication-associated_protein_[Opuntia_virus_2]	47.8	136	62	4	1680	1300	209	344	5.7e-29	124.0
NC_075080.1	QTT61863.1_replication-associated_protein_[Opuntia_virus_2]	32.2	205	129	4	2431	1835	1	201	8.5e-25	110.2
NC_075086.1	QTT61828.1_replication-associated_protein_[Opuntia_virus_2]	34.1	205	123	5	2718	2119	6	203	1.0e-25	113.2
NC_075086.1	QTT61873.1_replication-associated_protein_[Opuntia_virus_2]	34.5	206	121	5	2718	2119	6	203	1.3e-25	112.8
NC_075086.1	QTT61868.1_replication-associated_protein_[Opuntia_virus_2]	34.0	206	122	5	2718	2119	6	203	2.3e-25	112.1
NC_075086.1	QTT61698.1_replication-associated_protein_[Opuntia_virus_2]	33.7	205	124	5	2718	2119	6	203	5.1e-25	110.9
NC_075086.1	QTT61758.1_replication-associated_protein_[Opuntia_virus_2]	34.1	205	123	5	2718	2119	6	203	5.1e-25	110.9
NC_075086.1	QTT61858.1_replication-associated_protein_[Opuntia_virus_2]	33.7	205	124	5	2718	2119	6	203	6.6e-25	110.5
NC_075086.1	QTT61798.1_replication-associated_protein_[Opuntia_virus_2]	33.7	205	124	5	2718	2119	6	203	8.7e-25	110.2
NC_075086.1	QTT61838.1_replication-associated_protein_[Opuntia_virus_2]	33.7	205	124	5	2718	2119	6	203	8.7e-25	110.2
NC_075086.1	QTT61788.1_replication-associated_protein_[Opuntia_virus_2]	52.8	106	46	2	2038	1733	205	310	1.9e-24	109.0
NC_075086.1	QTT61788.1_replication-associated_protein_[Opuntia_virus_2]	33.2	205	123	5	2715	2119	7	203	8.1e-23	103.6
NC_075086.1	QTT61728.1_replication-associated_protein_[Opuntia_virus_2]	33.2	205	123	5	2715	2119	7	203	1.9e-24	109.0
NC_075086.1	QTT61753.1_replication-associated_protein_[Opuntia_virus_2]	32.7	205	124	5	2715	2119	7	203	5.6e-24	107.5
NC_075086.1	QTT61713.1_replication-associated_protein_[Opuntia_virus_2]	32.7	205	124	5	2715	2119	7	203	5.6e-24	107.5
NC_075086.1	QTT61693.1_replication-associated_protein_[Opuntia_virus_2]	31.9	207	133	4	2730	2119	3	204	5.6e-24	107.5
NC_075086.1	QTT61733.1_replication-associated_protein_[Opuntia_virus_2]	32.7	205	124	5	2715	2119	7	203	7.3e-24	107.1
NC_075086.1	QTT61678.1_replication-associated_protein_[Opuntia_virus_2]	31.7	208	134	4	2733	2119	2	204	7.3e-24	107.1
NC_075086.1	QTT61878.1_replication-associated_protein_[Opuntia_virus_2]	31.9	207	133	4	2730	2119	3	204	9.6e-24	106.7
NC_075086.1	QTT61683.1_replication-associated_protein_[Opuntia_virus_2]	31.9	207	133	4	2730	2119	3	204	9.6e-24	106.7
NC_075086.1	QTT61673.1_replication-associated_protein_[Opuntia_virus_2]	31.9	207	133	4	2730	2119	3	204	9.6e-24	106.7
NC_075086.1	QTT61803.1_replication-associated_protein_[Opuntia_virus_2]	31.9	207	133	4	2730	2119	3	204	1.2e-23	106.3
NC_075086.1	QTT61708.1_replication-associated_protein_[Opuntia_virus_2]	32.8	204	125	5	2715	2119	7	203	1.2e-23	106.3
NC_075307.1	QTT61798.1_replication-associated_protein_[Opuntia_virus_2]	23.2	383	223	7	2310	1240	7	344	1.9e-20	95.5
NC_075307.1	QTT61843.1_replication-associated_protein_[Opuntia_virus_2]	24.4	386	215	11	2310	1240	8	345	1.9e-20	95.5
NC_075307.1	QTT61858.1_replication-associated_protein_[Opuntia_virus_2]	23.4	385	220	8	2310	1240	7	344	2.5e-20	95.1
NC_075307.1	QTT61758.1_replication-associated_protein_[Opuntia_virus_2]	23.6	386	218	9	2310	1240	7	344	7.2e-20	93.6
NC_075307.1	QTT61828.1_replication-associated_protein_[Opuntia_virus_2]	23.3	386	219	9	2310	1240	7	344	2.7e-19	91.7
NC_075307.1	QTT61698.1_replication-associated_protein_[Opuntia_virus_2]	23.8	386	217	10	2310	1240	7	344	3.6e-19	91.3
NC_075307.1	QTT61693.1_replication-associated_protein_[Opuntia_virus_2]	23.6	386	218	10	2310	1240	8	345	3.6e-19	91.3
NC_075307.1	QTT61868.1_replication-associated_protein_[Opuntia_virus_2]	23.0	383	224	7	2310	1240	7	344	4.6e-19	90.9
NC_075307.1	QTT61818.1_replication-associated_protein_[Opuntia_virus_2]	23.3	387	218	10	2310	1240	8	345	4.6e-19	90.9
NC_075307.1	QTT61683.1_replication-associated_protein_[Opuntia_virus_2]	23.8	386	217	11	2310	1240	8	345	4.6e-19	90.9
NC_075307.1	QTT61803.1_replication-associated_protein_[Opuntia_virus_2]	23.1	385	221	9	2310	1240	8	345	7.9e-19	90.1
NC_075307.1	QTT61678.1_replication-associated_protein_[Opuntia_virus_2]	23.3	386	219	10	2310	1240	8	345	7.9e-19	90.1
NC_075307.1	QTT61878.1_replication-associated_protein_[Opuntia_virus_2]	23.3	386	219	10	2310	1240	8	345	1.0e-18	89.7
NC_075307.1	QTT61673.1_replication-associated_protein_[Opuntia_virus_2]	23.3	386	219	10	2310	1240	8	345	1.0e-18	89.7
NC_075307.1	QTT61763.1_replication-associated_protein_[Opuntia_virus_2]	23.8	386	217	10	2310	1240	7	344	1.8e-18	89.0
NC_075307.1	QTT61863.1_replication-associated_protein_[Opuntia_virus_2]	22.3	385	224	9	2310	1240	7	344	2.3e-18	88.6
NC_075307.1	QTT61808.1_replication-associated_protein_[Opuntia_virus_2]	22.5	387	221	10	2310	1240	7	344	3.0e-18	88.2
NC_075307.1	QTT61788.1_replication-associated_protein_[Opuntia_virus_2]	23.4	384	221	9	2310	1240	7	344	3.0e-18	88.2
NC_075307.1	QTT61768.1_replication-associated_protein_[Opuntia_virus_2]	22.5	387	221	10	2310	1240	7	344	3.0e-18	88.2
NC_075307.1	QTT61728.1_replication-associated_protein_[Opuntia_virus_2]	23.1	386	220	10	2310	1240	7	344	3.9e-18	87.8
NC_075308.1	QTT61788.1_replication-associated_protein_[Opuntia_virus_2]	34.3	134	78	3	1407	1030	217	348	8.6e-15	76.6
NC_075308.1	QTT61853.1_replication-associated_protein_[Opuntia_virus_2]	34.3	134	78	3	1407	1030	217	348	1.9e-14	75.5
NC_075308.1	QTT61793.1_replication-associated_protein_[Opuntia_virus_2]	34.3	134	78	3	1407	1030	217	348	1.9e-14	75.5
NC_075308.1	QTT61783.1_replication-associated_protein_[Opuntia_virus_2]	34.3	134	78	3	1407	1030	217	348	3.3e-14	74.7
NC_075308.1	QTT61868.1_replication-associated_protein_[Opuntia_virus_2]	32.1	134	81	3	1407	1030	217	348	4.3e-14	74.3
NC_075308.1	QTT61798.1_replication-associated_protein_[Opuntia_virus_2]	32.1	134	81	3	1407	1030	217	348	4.3e-14	74.3
NC_075308.1	QTT61848.1_replication-associated_protein_[Opuntia_virus_2]	33.6	134	79	3	1407	1030	217	348	4.3e-14	74.3
NC_075308.1	QTT61773.1_replication-associated_protein_[Opuntia_virus_2]	33.6	134	79	3	1407	1030	217	348	4.3e-14	74.3
NC_075308.1	QTT61778.1_replication-associated_protein_[Opuntia_virus_2]	33.6	134	79	3	1407	1030	217	348	4.3e-14	74.3
NC_075308.1	QTT61858.1_replication-associated_protein_[Opuntia_virus_2]	32.1	134	81	3	1407	1030	217	348	5.6e-14	73.9
NC_075308.1	QTT61698.1_replication-associated_protein_[Opuntia_virus_2]	32.1	134	81	3	1407	1030	217	348	7.3e-14	73.6
NC_075308.1	QTT61753.1_replication-associated_protein_[Opuntia_virus_2]	31.3	134	82	3	1407	1030	217	348	7.3e-14	73.6
NC_075308.1	QTT61713.1_replication-associated_protein_[Opuntia_virus_2]	31.3	134	82	3	1407	1030	217	348	7.3e-14	73.6
NC_075308.1	QTT61733.1_replication-associated_protein_[Opuntia_virus_2]	31.3	134	82	3	1407	1030	217	348	7.3e-14	73.6
NC_075308.1	QTT61828.1_replication-associated_protein_[Opuntia_virus_2]	32.1	134	81	3	1407	1030	217	348	9.5e-14	73.2
NC_075308.1	QTT61838.1_replication-associated_protein_[Opuntia_virus_2]	32.8	134	80	3	1407	1030	217	348	9.5e-14	73.2
NC_075308.1	QTT61863.1_replication-associated_protein_[Opuntia_virus_2]	32.8	137	76	3	1407	1030	217	348	1.2e-13	72.8
NC_075308.1	QTT61808.1_replication-associated_protein_[Opuntia_virus_2]	31.3	134	82	3	1407	1030	217	348	1.2e-13	72.8
NC_075308.1	QTT61758.1_replication-associated_protein_[Opuntia_virus_2]	31.3	134	82	3	1407	1030	217	348	1.2e-13	72.8
NC_075308.1	QTT61763.1_replication-associated_protein_[Opuntia_virus_2]	31.3	134	82	3	1407	1030	217	348	1.2e-13	72.8
NC_075437.1	QTT61788.1_replication-associated_protein_[Opuntia_virus_2]	50.4	131	58	4	2308	1937	214	344	1.3e-27	119.8
NC_075437.1	QTT61788.1_replication-associated_protein_[Opuntia_virus_2]	30.9	194	127	4	3065	2505	6	199	4.4e-20	94.7
NC_075437.1	QTT61828.1_replication-associated_protein_[Opuntia_virus_2]	32.1	193	124	4	3062	2505	7	199	3.6e-22	101.7
NC_075437.1	QTT61868.1_replication-associated_protein_[Opuntia_virus_2]	31.6	193	125	4	3062	2505	7	199	8.1e-22	100.5
NC_075437.1	QTT61873.1_replication-associated_protein_[Opuntia_virus_2]	31.6	193	125	4	3062	2505	7	199	8.1e-22	100.5
NC_075437.1	QTT61803.1_replication-associated_protein_[Opuntia_virus_2]	32.1	193	124	4	3062	2505	8	200	1.4e-21	99.8
NC_075437.1	QTT61818.1_replication-associated_protein_[Opuntia_virus_2]	31.6	193	125	4	3062	2505	8	200	2.4e-21	99.0
NC_075437.1	QTT61838.1_replication-associated_protein_[Opuntia_virus_2]	31.6	193	125	4	3062	2505	7	199	3.1e-21	98.6
NC_075437.1	QTT61843.1_replication-associated_protein_[Opuntia_virus_2]	31.6	193	125	4	3062	2505	8	200	3.1e-21	98.6
NC_075437.1	QTT61728.1_replication-associated_protein_[Opuntia_virus_2]	31.8	195	124	5	3065	2505	6	199	4.0e-21	98.2
NC_075437.1	QTT61693.1_replication-associated_protein_[Opuntia_virus_2]	32.1	193	124	4	3062	2505	8	200	4.0e-21	98.2
NC_075437.1	QTT61698.1_replication-associated_protein_[Opuntia_virus_2]	31.6	193	125	4	3062	2505	7	199	5.3e-21	97.8
NC_075437.1	QTT61878.1_replication-associated_protein_[Opuntia_virus_2]	32.1	193	124	4	3062	2505	8	200	6.9e-21	97.4
NC_075437.1	QTT61758.1_replication-associated_protein_[Opuntia_virus_2]	31.6	193	125	4	3062	2505	7	199	6.9e-21	97.4
NC_075437.1	QTT61753.1_replication-associated_protein_[Opuntia_virus_2]	31.3	195	125	5	3065	2505	6	199	6.9e-21	97.4
NC_075437.1	QTT61708.1_replication-associated_protein_[Opuntia_virus_2]	30.9	194	127	4	3065	2505	6	199	6.9e-21	97.4
NC_075437.1	QTT61683.1_replication-associated_protein_[Opuntia_virus_2]	32.1	193	124	4	3062	2505	8	200	6.9e-21	97.4
NC_075437.1	QTT61678.1_replication-associated_protein_[Opuntia_virus_2]	32.1	193	124	4	3062	2505	8	200	6.9e-21	97.4
NC_075437.1	QTT61673.1_replication-associated_protein_[Opuntia_virus_2]	32.1	193	124	4	3062	2505	8	200	6.9e-21	97.4
NC_075437.1	QTT61713.1_replication-associated_protein_[Opuntia_virus_2]	31.3	195	125	5	3065	2505	6	199	1.2e-20	96.7
NC_075437.1	QTT61733.1_replication-associated_protein_[Opuntia_virus_2]	31.3	195	125	5	3065	2505	6	199	1.5e-20	96.3
NC_076020.1	QTT61843.1_replication-associated_protein_[Opuntia_virus_2]	59.6	359	130	4	2817	1744	1	345	7.2e-126	446.0
NC_076020.1	QTT61878.1_replication-associated_protein_[Opuntia_virus_2]	58.8	359	133	4	2817	1744	1	345	6.1e-125	443.0
NC_076020.1	QTT61683.1_replication-associated_protein_[Opuntia_virus_2]	58.8	359	133	4	2817	1744	1	345	6.1e-125	443.0
NC_076020.1	QTT61673.1_replication-associated_protein_[Opuntia_virus_2]	58.8	359	133	4	2817	1744	1	345	8.0e-125	442.6
NC_076020.1	QTT61693.1_replication-associated_protein_[Opuntia_virus_2]	58.8	359	133	4	2817	1744	1	345	8.0e-125	442.6
NC_076020.1	QTT61803.1_replication-associated_protein_[Opuntia_virus_2]	59.3	359	131	4	2817	1744	1	345	1.0e-124	442.2
NC_076020.1	QTT61758.1_replication-associated_protein_[Opuntia_virus_2]	58.6	355	132	4	2805	1744	4	344	1.0e-124	442.2
NC_076020.1	QTT61828.1_replication-associated_protein_[Opuntia_virus_2]	59.2	355	130	4	2805	1744	4	344	2.3e-124	441.0
NC_076020.1	QTT61818.1_replication-associated_protein_[Opuntia_virus_2]	58.8	359	133	4	2817	1744	1	345	3.9e-124	440.3
NC_076020.1	QTT61678.1_replication-associated_protein_[Opuntia_virus_2]	58.5	359	134	4	2817	1744	1	345	6.7e-124	439.5
NC_076020.1	QTT61838.1_replication-associated_protein_[Opuntia_virus_2]	59.2	355	130	4	2805	1744	4	344	8.8e-124	439.1
NC_076020.1	QTT61868.1_replication-associated_protein_[Opuntia_virus_2]	58.6	355	132	4	2805	1744	4	344	1.1e-123	438.7
NC_076020.1	QTT61858.1_replication-associated_protein_[Opuntia_virus_2]	58.6	355	132	4	2805	1744	4	344	4.4e-123	436.8
NC_076020.1	QTT61698.1_replication-associated_protein_[Opuntia_virus_2]	58.3	355	133	4	2805	1744	4	344	9.7e-123	435.6
NC_076020.1	QTT61798.1_replication-associated_protein_[Opuntia_virus_2]	58.6	355	132	4	2805	1744	4	344	1.7e-122	434.9
NC_076020.1	QTT61873.1_replication-associated_protein_[Opuntia_virus_2]	58.0	355	134	4	2805	1744	4	344	2.2e-122	434.5
NC_076020.1	QTT61793.1_replication-associated_protein_[Opuntia_virus_2]	58.8	359	132	5	2817	1744	1	344	4.8e-122	433.3
NC_076020.1	QTT61783.1_replication-associated_protein_[Opuntia_virus_2]	58.5	359	133	5	2817	1744	1	344	8.2e-122	432.6
NC_076020.1	QTT61778.1_replication-associated_protein_[Opuntia_virus_2]	58.2	359	134	5	2817	1744	1	344	1.4e-121	431.8
NC_076020.1	QTT61853.1_replication-associated_protein_[Opuntia_virus_2]	57.9	359	135	5	2817	1744	1	344	3.1e-121	430.6
NC_076213.1	QTT61843.1_replication-associated_protein_[Opuntia_virus_2]	34.2	202	129	2	2718	2125	1	202	3.6e-29	124.8
NC_076213.1	QTT61818.1_replication-associated_protein_[Opuntia_virus_2]	33.7	202	130	2	2718	2125	1	202	8.8e-28	120.2
NC_076213.1	QTT61803.1_replication-associated_protein_[Opuntia_virus_2]	33.7	202	130	2	2718	2125	1	202	1.1e-27	119.8
NC_076213.1	QTT61878.1_replication-associated_protein_[Opuntia_virus_2]	32.7	202	132	2	2718	2125	1	202	7.4e-27	117.1
NC_076213.1	QTT61788.1_replication-associated_protein_[Opuntia_virus_2]	44.8	134	65	4	1946	1572	211	344	7.4e-27	117.1
NC_076213.1	QTT61788.1_replication-associated_protein_[Opuntia_virus_2]	32.5	203	130	4	2718	2125	1	201	1.3e-23	106.3
NC_076213.1	QTT61683.1_replication-associated_protein_[Opuntia_virus_2]	32.7	202	132	2	2718	2125	1	202	7.4e-27	117.1
NC_076213.1	QTT61673.1_replication-associated_protein_[Opuntia_virus_2]	32.7	202	132	2	2718	2125	1	202	7.4e-27	117.1
NC_076213.1	QTT61758.1_replication-associated_protein_[Opuntia_virus_2]	34.5	200	123	3	2706	2125	4	201	3.7e-26	114.8
NC_076213.1	QTT61693.1_replication-associated_protein_[Opuntia_virus_2]	32.2	202	133	2	2718	2125	1	202	4.8e-26	114.4
NC_076213.1	QTT61678.1_replication-associated_protein_[Opuntia_virus_2]	32.2	202	133	2	2718	2125	1	202	6.3e-26	114.0
NC_076213.1	QTT61798.1_replication-associated_protein_[Opuntia_virus_2]	33.5	200	125	3	2706	2125	4	201	1.4e-25	112.8
NC_076213.1	QTT61858.1_replication-associated_protein_[Opuntia_virus_2]	33.5	200	125	3	2706	2125	4	201	1.4e-25	112.8
NC_076213.1	QTT61828.1_replication-associated_protein_[Opuntia_virus_2]	33.0	200	126	3	2706	2125	4	201	1.8e-25	112.5
NC_076213.1	QTT61698.1_replication-associated_protein_[Opuntia_virus_2]	33.8	198	123	3	2706	2131	4	199	2.4e-25	112.1
NC_076213.1	QTT61873.1_replication-associated_protein_[Opuntia_virus_2]	32.7	199	128	3	2706	2125	4	201	3.1e-25	111.7
NC_076213.1	QTT61868.1_replication-associated_protein_[Opuntia_virus_2]	32.7	199	128	3	2706	2125	4	201	4.1e-25	111.3
NC_076213.1	QTT61838.1_replication-associated_protein_[Opuntia_virus_2]	32.5	200	127	3	2706	2125	4	201	1.5e-24	109.4
NC_076213.1	QTT61848.1_replication-associated_protein_[Opuntia_virus_2]	33.0	203	129	4	2718	2125	1	201	4.5e-24	107.8
NC_076213.1	QTT61728.1_replication-associated_protein_[Opuntia_virus_2]	31.7	202	133	3	2718	2125	1	201	5.9e-24	107.5
NC_076213.1	QTT61763.1_replication-associated_protein_[Opuntia_virus_2]	32.5	203	130	4	2718	2125	1	201	7.7e-24	107.1
NC_076270.1	QTT61678.1_replication-associated_protein_[Opuntia_virus_2]	31.8	132	79	2	1442	1077	215	345	1.3e-13	72.8
NC_076270.1	QTT61868.1_replication-associated_protein_[Opuntia_virus_2]	32.1	131	80	1	1442	1077	214	344	1.7e-13	72.4
NC_076270.1	QTT61878.1_replication-associated_protein_[Opuntia_virus_2]	31.8	132	79	2	1442	1077	215	345	1.7e-13	72.4
NC_076270.1	QTT61788.1_replication-associated_protein_[Opuntia_virus_2]	32.1	131	80	1	1442	1077	214	344	1.7e-13	72.4
NC_076270.1	QTT61683.1_replication-associated_protein_[Opuntia_virus_2]	31.8	132	79	2	1442	1077	215	345	1.7e-13	72.4
NC_076270.1	QTT61673.1_replication-associated_protein_[Opuntia_virus_2]	31.8	132	79	2	1442	1077	215	345	1.7e-13	72.4
NC_076270.1	QTT61693.1_replication-associated_protein_[Opuntia_virus_2]	31.8	132	79	2	1442	1077	215	345	1.7e-13	72.4
NC_076270.1	QTT61838.1_replication-associated_protein_[Opuntia_virus_2]	31.8	132	79	2	1442	1077	214	344	2.2e-13	72.0
NC_076270.1	QTT61793.1_replication-associated_protein_[Opuntia_virus_2]	32.1	131	80	1	1442	1077	214	344	2.2e-13	72.0
NC_076270.1	QTT61728.1_replication-associated_protein_[Opuntia_virus_2]	31.8	132	79	2	1442	1077	214	344	2.2e-13	72.0
NC_076270.1	QTT61808.1_replication-associated_protein_[Opuntia_virus_2]	31.8	132	79	2	1442	1077	214	344	2.8e-13	71.6
NC_076270.1	QTT61758.1_replication-associated_protein_[Opuntia_virus_2]	31.8	132	79	2	1442	1077	214	344	2.8e-13	71.6
NC_076270.1	QTT61763.1_replication-associated_protein_[Opuntia_virus_2]	31.8	132	79	2	1442	1077	214	344	2.8e-13	71.6
NC_076270.1	QTT61768.1_replication-associated_protein_[Opuntia_virus_2]	31.8	132	79	2	1442	1077	214	344	2.8e-13	71.6
NC_076270.1	QTT61828.1_replication-associated_protein_[Opuntia_virus_2]	31.8	132	79	2	1442	1077	214	344	3.7e-13	71.2
NC_076270.1	QTT61753.1_replication-associated_protein_[Opuntia_virus_2]	31.1	132	80	2	1442	1077	214	344	3.7e-13	71.2
NC_076270.1	QTT61713.1_replication-associated_protein_[Opuntia_virus_2]	31.1	132	80	2	1442	1077	214	344	3.7e-13	71.2
NC_076270.1	QTT61733.1_replication-associated_protein_[Opuntia_virus_2]	31.1	132	80	2	1442	1077	214	344	3.7e-13	71.2
NC_076270.1	QTT61798.1_replication-associated_protein_[Opuntia_virus_2]	31.1	132	80	2	1442	1077	214	344	4.8e-13	70.9
NC_076270.1	QTT61863.1_replication-associated_protein_[Opuntia_virus_2]	31.1	132	80	2	1442	1077	214	344	4.8e-13	70.9
NC_076272.1	QTT61788.1_replication-associated_protein_[Opuntia_virus_2]	44.8	96	48	4	1381	1103	214	307	1.0e-12	69.7
NC_076272.1	QTT61868.1_replication-associated_protein_[Opuntia_virus_2]	43.8	96	49	4	1381	1103	214	307	3.0e-12	68.2
NC_076272.1	QTT61753.1_replication-associated_protein_[Opuntia_virus_2]	43.8	96	49	4	1381	1103	214	307	3.0e-12	68.2
NC_076272.1	QTT61793.1_replication-associated_protein_[Opuntia_virus_2]	44.8	96	48	4	1381	1103	214	307	3.0e-12	68.2
NC_076272.1	QTT61783.1_replication-associated_protein_[Opuntia_virus_2]	44.8	96	48	4	1381	1103	214	307	3.0e-12	68.2
NC_076272.1	QTT61713.1_replication-associated_protein_[Opuntia_virus_2]	43.8	96	49	4	1381	1103	214	307	3.0e-12	68.2
NC_076272.1	QTT61728.1_replication-associated_protein_[Opuntia_virus_2]	43.8	96	49	4	1381	1103	214	307	3.0e-12	68.2
NC_076272.1	QTT61733.1_replication-associated_protein_[Opuntia_virus_2]	43.8	96	49	4	1381	1103	214	307	3.0e-12	68.2
NC_076272.1	QTT61828.1_replication-associated_protein_[Opuntia_virus_2]	43.8	96	49	4	1381	1103	214	307	3.9e-12	67.8
NC_076272.1	QTT61798.1_replication-associated_protein_[Opuntia_virus_2]	43.8	96	49	4	1381	1103	214	307	3.9e-12	67.8
NC_076272.1	QTT61863.1_replication-associated_protein_[Opuntia_virus_2]	43.8	96	49	4	1381	1103	214	307	3.9e-12	67.8
NC_076272.1	QTT61838.1_replication-associated_protein_[Opuntia_virus_2]	43.8	96	49	4	1381	1103	214	307	3.9e-12	67.8
NC_076272.1	QTT61853.1_replication-associated_protein_[Opuntia_virus_2]	43.8	96	49	4	1381	1103	214	307	3.9e-12	67.8
NC_076272.1	QTT61858.1_replication-associated_protein_[Opuntia_virus_2]	43.8	96	49	4	1381	1103	214	307	3.9e-12	67.8
NC_076272.1	QTT61848.1_replication-associated_protein_[Opuntia_virus_2]	43.8	96	49	4	1381	1103	214	307	3.9e-12	67.8
NC_076272.1	QTT61698.1_replication-associated_protein_[Opuntia_virus_2]	43.8	96	49	4	1381	1103	214	307	3.9e-12	67.8
NC_076272.1	QTT61773.1_replication-associated_protein_[Opuntia_virus_2]	43.8	96	49	4	1381	1103	214	307	3.9e-12	67.8
NC_076272.1	QTT61758.1_replication-associated_protein_[Opuntia_virus_2]	43.8	96	49	4	1381	1103	214	307	3.9e-12	67.8
NC_076272.1	QTT61778.1_replication-associated_protein_[Opuntia_virus_2]	43.8	96	49	4	1381	1103	214	307	3.9e-12	67.8
NC_076272.1	QTT61763.1_replication-associated_protein_[Opuntia_virus_2]	43.8	96	49	4	1381	1103	214	307	3.9e-12	67.8
NC_076464.1	QTT61788.1_replication-associated_protein_[Opuntia_virus_2]	41.7	144	71	4	2128	1736	203	346	5.0e-21	97.8
NC_076464.1	QTT61683.1_replication-associated_protein_[Opuntia_virus_2]	42.4	144	70	5	2128	1736	204	347	8.5e-21	97.1
NC_076464.1	QTT61678.1_replication-associated_protein_[Opuntia_virus_2]	42.4	144	70	5	2128	1736	204	347	8.5e-21	97.1
NC_076464.1	QTT61878.1_replication-associated_protein_[Opuntia_virus_2]	42.4	144	70	5	2128	1736	204	347	1.1e-20	96.7
NC_076464.1	QTT61758.1_replication-associated_protein_[Opuntia_virus_2]	42.7	143	70	4	2128	1736	204	346	1.1e-20	96.7
NC_076464.1	QTT61793.1_replication-associated_protein_[Opuntia_virus_2]	42.4	144	70	4	2128	1736	203	346	1.4e-20	96.3
NC_076464.1	QTT61673.1_replication-associated_protein_[Opuntia_virus_2]	42.4	144	70	5	2128	1736	204	347	1.4e-20	96.3
NC_076464.1	QTT61693.1_replication-associated_protein_[Opuntia_virus_2]	42.4	144	70	5	2128	1736	204	347	1.4e-20	96.3
NC_076464.1	QTT61868.1_replication-associated_protein_[Opuntia_virus_2]	42.4	144	70	5	2128	1736	203	346	1.9e-20	95.9
NC_076464.1	QTT61808.1_replication-associated_protein_[Opuntia_virus_2]	42.4	144	70	5	2128	1736	203	346	1.9e-20	95.9
NC_076464.1	QTT61768.1_replication-associated_protein_[Opuntia_virus_2]	42.4	144	70	5	2128	1736	203	346	1.9e-20	95.9
NC_076464.1	QTT61828.1_replication-associated_protein_[Opuntia_virus_2]	41.7	144	71	5	2128	1736	203	346	2.5e-20	95.5
NC_076464.1	QTT61838.1_replication-associated_protein_[Opuntia_virus_2]	41.7	144	71	5	2128	1736	203	346	2.5e-20	95.5
NC_076464.1	QTT61858.1_replication-associated_protein_[Opuntia_virus_2]	49.1	106	51	2	2128	1820	203	308	2.5e-20	95.5
NC_076464.1	QTT61798.1_replication-associated_protein_[Opuntia_virus_2]	42.3	137	70	4	2128	1745	203	339	3.2e-20	95.1
NC_076464.1	QTT61753.1_replication-associated_protein_[Opuntia_virus_2]	42.3	137	70	4	2128	1745	203	339	3.2e-20	95.1
NC_076464.1	QTT61713.1_replication-associated_protein_[Opuntia_virus_2]	42.3	137	70	4	2128	1745	203	339	3.2e-20	95.1
NC_076464.1	QTT61728.1_replication-associated_protein_[Opuntia_virus_2]	41.7	144	71	5	2128	1736	203	346	3.2e-20	95.1
NC_076464.1	QTT61733.1_replication-associated_protein_[Opuntia_virus_2]	42.3	137	70	4	2128	1745	203	339	3.2e-20	95.1
NC_076464.1	QTT61818.1_replication-associated_protein_[Opuntia_virus_2]	41.7	144	71	5	2128	1736	204	347	4.2e-20	94.7
NC_076465.1	QTT61753.1_replication-associated_protein_[Opuntia_virus_2]	44.7	132	65	3	2903	2532	209	340	3.8e-23	105.1
NC_076465.1	QTT61713.1_replication-associated_protein_[Opuntia_virus_2]	44.7	132	65	3	2903	2532	209	340	3.8e-23	105.1
NC_076465.1	QTT61733.1_replication-associated_protein_[Opuntia_virus_2]	44.7	132	65	3	2903	2532	209	340	3.8e-23	105.1
NC_076465.1	QTT61878.1_replication-associated_protein_[Opuntia_virus_2]	43.9	132	66	3	2903	2532	210	341	5.0e-23	104.8
NC_076465.1	QTT61798.1_replication-associated_protein_[Opuntia_virus_2]	44.7	132	65	3	2903	2532	209	340	6.5e-23	104.4
NC_076465.1	QTT61863.1_replication-associated_protein_[Opuntia_virus_2]	43.9	132	66	3	2903	2532	209	340	6.5e-23	104.4
NC_076465.1	QTT61698.1_replication-associated_protein_[Opuntia_virus_2]	45.4	130	63	3	2897	2532	211	340	6.5e-23	104.4
NC_076465.1	QTT61683.1_replication-associated_protein_[Opuntia_virus_2]	43.9	132	66	3	2903	2532	210	341	6.5e-23	104.4
NC_076465.1	QTT61673.1_replication-associated_protein_[Opuntia_virus_2]	43.9	132	66	3	2903	2532	210	341	6.5e-23	104.4
NC_076465.1	QTT61693.1_replication-associated_protein_[Opuntia_virus_2]	43.9	132	66	3	2903	2532	210	341	6.5e-23	104.4
NC_076465.1	QTT61803.1_replication-associated_protein_[Opuntia_virus_2]	43.9	132	66	3	2903	2532	210	341	8.5e-23	104.0
NC_076465.1	QTT61838.1_replication-associated_protein_[Opuntia_virus_2]	43.9	132	66	3	2903	2532	209	340	8.5e-23	104.0
NC_076465.1	QTT61758.1_replication-associated_protein_[Opuntia_virus_2]	43.7	135	68	3	2912	2532	206	340	1.1e-22	103.6
NC_076465.1	QTT61858.1_replication-associated_protein_[Opuntia_virus_2]	43.9	132	66	3	2903	2532	209	340	1.5e-22	103.2
NC_076465.1	QTT61783.1_replication-associated_protein_[Opuntia_virus_2]	45.4	130	63	3	2897	2532	211	340	1.5e-22	103.2
NC_076465.1	QTT61728.1_replication-associated_protein_[Opuntia_virus_2]	43.2	132	67	3	2903	2532	209	340	1.5e-22	103.2
NC_076465.1	QTT61768.1_replication-associated_protein_[Opuntia_virus_2]	43.9	132	66	3	2903	2532	209	340	1.5e-22	103.2
NC_076465.1	QTT61828.1_replication-associated_protein_[Opuntia_virus_2]	43.2	132	67	3	2903	2532	209	340	1.9e-22	102.8
NC_076465.1	QTT61808.1_replication-associated_protein_[Opuntia_virus_2]	43.9	132	66	3	2903	2532	209	340	1.9e-22	102.8
NC_076465.1	QTT61818.1_replication-associated_protein_[Opuntia_virus_2]	43.2	132	67	3	2903	2532	210	341	1.9e-22	102.8
NC_076495.1	QXO33012.1_297.9_kDa_replicase_[Rubber_tree_latent_virus_1]	27.9	534	352	13	5375	6907	2061	2584	4.4e-46	183.3
NC_076495.1	UEV87747.1_RNA-dependent_RNA_polymerase_[Paprika_mild_mottle_virus]	27.7	448	299	13	5474	6772	1132	1569	1.4e-39	161.8
NC_076495.1	UEV87747.1_RNA-dependent_RNA_polymerase_[Paprika_mild_mottle_virus]	29.7	320	193	10	4465	5391	810	1108	1.3e-26	118.6
NC_076495.1	NP_671718.1_183kDa_protein_[Paprika_mild_mottle_virus]	27.7	448	299	13	5474	6772	1132	1569	1.8e-39	161.4
NC_076495.1	NP_671718.1_183kDa_protein_[Paprika_mild_mottle_virus]	29.1	320	195	10	4465	5391	810	1108	4.2e-25	113.6
NC_076495.1	ANV28178.1_RdRp_[Paprika_mild_mottle_virus]	27.7	448	299	13	5474	6772	1132	1569	1.8e-39	161.4
NC_076495.1	ANV28178.1_RdRp_[Paprika_mild_mottle_virus]	30.3	304	180	10	4513	5391	826	1108	6.5e-26	116.3
NC_076495.1	YP_008802584.1_183k_replicase_[Yellow_tailflower_mild_mottle_virus]	26.9	442	303	10	5474	6772	1136	1566	1.5e-38	158.3
NC_076495.1	YP_008802584.1_183k_replicase_[Yellow_tailflower_mild_mottle_virus]	29.9	301	187	9	4513	5391	828	1112	1.3e-26	118.6
NC_076495.1	AIX94570.1_replicase_[Yellow_tailflower_mild_mottle_virus]	26.9	442	303	10	5474	6772	1136	1566	1.5e-38	158.3
NC_076495.1	AIX94570.1_replicase_[Yellow_tailflower_mild_mottle_virus]	29.6	301	188	9	4513	5391	828	1112	1.1e-25	115.5
NC_076495.1	NP_620841.1_180K_protein_[Obuda_pepper_virus]	25.7	467	304	12	5444	6772	1122	1569	3.1e-36	150.6
NC_076495.1	NP_620841.1_180K_protein_[Obuda_pepper_virus]	30.3	304	180	10	4513	5391	826	1108	1.1e-25	115.5
NC_076495.1	QNG71021.1_183_kDa_replicase_[Tropical_soda_apple_mosaic_virus]	27.3	425	297	9	5447	6706	1125	1542	3.1e-36	150.6
NC_076495.1	QNG71021.1_183_kDa_replicase_[Tropical_soda_apple_mosaic_virus]	28.5	347	217	10	4354	5376	784	1105	1.3e-26	118.6
NC_076495.1	ALU84940.1_188_kDa_polymerase_[Hibiscus_latent_Fort_Pierce_virus]	27.9	383	257	7	5663	6781	1224	1597	4.1e-36	150.2
NC_076495.1	ALU84940.1_188_kDa_polymerase_[Hibiscus_latent_Fort_Pierce_virus]	31.4	283	156	10	4513	5322	851	1108	8.0e-24	109.4
NC_076495.1	QZL11035.1_186_kDa_polymerase_[Hibiscus_latent_Fort_Pierce_virus]	27.9	383	257	7	5663	6781	1224	1597	5.3e-36	149.8
NC_076495.1	QZL11035.1_186_kDa_polymerase_[Hibiscus_latent_Fort_Pierce_virus]	31.4	283	156	10	4513	5322	851	1108	8.0e-24	109.4
NC_076495.1	QWX21611.1_RNA-dependent_RNA_polymerase_[Hibiscus_latent_Fort_Pierce_virus]	27.9	383	257	7	5663	6781	1224	1597	5.3e-36	149.8
NC_076495.1	QWX21611.1_RNA-dependent_RNA_polymerase_[Hibiscus_latent_Fort_Pierce_virus]	31.4	283	156	10	4513	5322	851	1108	8.0e-24	109.4
NC_076495.1	YP_009094908.1_187_kDa_polymerase_[Hibiscus_latent_Fort_Pierce_virus]	27.9	383	257	7	5663	6781	1224	1597	5.3e-36	149.8
NC_076495.1	YP_009094908.1_187_kDa_polymerase_[Hibiscus_latent_Fort_Pierce_virus]	31.4	283	156	10	4513	5322	851	1108	8.0e-24	109.4
NC_076495.1	AVA17445.1_replicase_[Hibiscus_latent_Fort_Pierce_virus]	27.9	383	257	7	5663	6781	63	436	5.3e-36	149.8
NC_076495.1	QNG71018.1_183_kDa_replicase_[Tropical_soda_apple_mosaic_virus]	27.1	425	298	9	5447	6706	1125	1542	7.0e-36	149.4
NC_076495.1	QNG71018.1_183_kDa_replicase_[Tropical_soda_apple_mosaic_virus]	28.5	347	217	10	4354	5376	784	1105	1.3e-26	118.6
NC_076495.1	QNG71033.1_183_kDa_replicase_[Tropical_soda_apple_mosaic_virus]	27.1	425	298	9	5447	6706	1125	1542	7.0e-36	149.4
NC_076495.1	QNG71033.1_183_kDa_replicase_[Tropical_soda_apple_mosaic_virus]	28.5	347	217	10	4354	5376	784	1105	1.3e-26	118.6
NC_076495.1	QNG71030.1_183_kDa_replicase,_partial_[Tropical_soda_apple_mosaic_virus]	27.1	425	298	9	5447	6706	1105	1522	7.0e-36	149.4
NC_076495.1	QNG71030.1_183_kDa_replicase,_partial_[Tropical_soda_apple_mosaic_virus]	28.5	347	217	10	4354	5376	764	1085	1.3e-26	118.6
NC_076495.1	QNG71024.1_183_kDa_replicase_[Tropical_soda_apple_mosaic_virus]	27.1	425	298	9	5447	6706	1125	1542	7.0e-36	149.4
NC_076495.1	QNG71024.1_183_kDa_replicase_[Tropical_soda_apple_mosaic_virus]	28.5	347	217	10	4354	5376	784	1105	1.3e-26	118.6
NC_076495.1	YP_009254747.1_183_kDa_replicase_[Tropical_soda_apple_mosaic_virus]	27.1	425	298	9	5447	6706	1125	1542	7.0e-36	149.4
NC_076495.1	YP_009254747.1_183_kDa_replicase_[Tropical_soda_apple_mosaic_virus]	28.5	347	217	10	4354	5376	784	1105	1.3e-26	118.6
NC_076495.1	QRV07326.1_polymerase_[Hibiscus_latent_Fort_Pierce_virus]	27.7	383	258	7	5663	6781	1224	1597	1.2e-35	148.7
NC_076495.1	QRV07326.1_polymerase_[Hibiscus_latent_Fort_Pierce_virus]	31.4	283	156	10	4513	5322	851	1108	8.0e-24	109.4
NC_076495.1	QJX15767.1_RNA_replicase_read-through_component_[Turnip_vein-clearing_virus]	29.2	353	235	6	5663	6706	1189	1531	4.5e-35	146.7
NC_076569.1	YP_908760.1_188_kDa_replicase_[Cucumber_mottle_virus]	30.5	275	133	11	2416	3105	868	1129	4.6e-16	82.4
NC_076569.1	YP_908761.1_130_kDa_replicase_[Cucumber_mottle_virus]	30.5	275	133	11	2416	3105	868	1129	4.6e-16	82.4
NC_076569.1	AYQ58957.1_183_kDa_replicase_[Brugmansia_latent_virus]	21.5	600	347	22	2686	4221	920	1483	5.7e-14	75.5
NC_076569.1	NP_072162.1_replicase_large_component_[Cucumber_fruit_mottle_mosaic_virus]	29.9	254	131	11	2479	3108	880	1130	5.7e-14	75.5
NC_076569.1	AEV40683.1_replicase_large_component_[Cucumber_fruit_mottle_mosaic_virus]	29.9	254	131	11	2479	3108	879	1129	5.7e-14	75.5
NC_076569.1	QSM07161.1_replication_protein_[Cucumber_fruit_mottle_mosaic_virus]	29.2	250	132	11	2488	3108	882	1129	2.8e-13	73.2
NC_076569.1	QSM07164.1_RNA-dependent_RNA_polymerase_[Cucumber_fruit_mottle_mosaic_virus]	29.2	250	132	11	2488	3108	882	1129	2.8e-13	73.2
NC_076569.1	QNS28115.1_126_kDa_protein_[Pepper_mild_mottle_virus]	27.6	257	143	11	2443	3108	833	1081	2.4e-12	70.1
NC_076569.1	QNS28114.1_183_kDa_protein_[Pepper_mild_mottle_virus]	27.6	257	143	11	2443	3108	833	1081	2.4e-12	70.1
NC_076569.1	YP_008802585.1_129k_replicase_protein_[Yellow_tailflower_mild_mottle_virus]	33.3	153	77	6	2719	3108	933	1083	3.1e-12	69.7
NC_076569.1	YP_008802584.1_183k_replicase_[Yellow_tailflower_mild_mottle_virus]	33.3	153	77	6	2719	3108	933	1083	3.1e-12	69.7
NC_076569.1	QSV39466.1_replicase_protein_[Pepper_mild_mottle_virus]	31.1	161	86	6	2695	3108	923	1081	6.9e-12	68.6
NC_076569.1	AQN78270.1_126_kDa_protein_[Pepper_mild_mottle_virus]	31.1	161	86	6	2695	3108	923	1081	6.9e-12	68.6
NC_076569.1	AQN78269.1_183_kDa_protein_[Pepper_mild_mottle_virus]	31.1	161	86	6	2695	3108	923	1081	6.9e-12	68.6
NC_076569.1	P89657.1_Replicase_large_subunit_[Pepper_mild_mottle_virus_(strain_Japan)]	31.1	161	86	6	2695	3108	923	1081	9.0e-12	68.2
NC_076569.1	NP_619740.1_replication-associated_protein_[Pepper_mild_mottle_virus]	31.1	161	86	6	2695	3108	923	1081	9.0e-12	68.2
NC_076569.1	BAF52937.1_180k_replication_protein_[Pepper_mild_mottle_virus]	31.1	161	86	6	2695	3108	923	1081	9.0e-12	68.2
NC_076569.1	APG77804.1_183_kDa_protein_[Pepper_mild_mottle_virus]	31.1	161	86	6	2695	3108	923	1081	9.0e-12	68.2
NC_076569.1	QYB25808.1_183_kDa_protein_[Pepper_mild_mottle_virus]	31.1	161	86	6	2695	3108	923	1081	9.0e-12	68.2
NC_076569.1	QYB25809.1_126_kDa_protein_[Pepper_mild_mottle_virus]	31.1	161	86	6	2695	3108	923	1081	9.0e-12	68.2
NC_076615.1	AZT88675.1_putative_movement_protein_[Acidomyces_richmondensis_tobamo-like_virus_1]	28.8	548	351	15	6161	7729	201	734	6.2e-43	172.2
NC_076615.1	QKN22703.1_putative_movement_protein_[Erysiphe_necator_associated_tobamo-like_virus_1]	30.7	489	303	13	6215	7627	357	827	1.7e-40	164.1
NC_076615.1	QIP68003.1_ORF2_[Plasmopara_viticola_lesion_associated_tobamo-like_virus_1]	30.7	489	303	13	6215	7627	357	827	1.7e-40	164.1
NC_076615.1	QOX06055.1_movement_protein_[Lentinula_edodes_tobamo-like_virus_1]	26.5	532	352	14	6155	7693	25	536	1.2e-38	157.9
NC_076615.1	ATS94408.1_movement_protein_[Podosphaera_prunicola_tobamo-like_virus]	29.0	441	289	10	6215	7504	388	815	7.4e-36	148.7
NC_076615.1	QED42966.1_putative_MP_[Leucocoprinus_tobamovirus_A]	29.7	462	274	16	6197	7522	49	479	4.8e-35	146.0
NC_077680.1	QTT61678.1_replication-associated_protein_[Opuntia_virus_2]	75.4	342	84	0	2480	1455	5	346	1.1e-165	578.2
NC_077680.1	QTT61673.1_replication-associated_protein_[Opuntia_virus_2]	75.1	342	85	0	2480	1455	5	346	5.3e-165	575.9
NC_077680.1	QTT61693.1_replication-associated_protein_[Opuntia_virus_2]	75.1	342	85	0	2480	1455	5	346	9.1e-165	575.1
NC_077680.1	QTT61683.1_replication-associated_protein_[Opuntia_virus_2]	74.9	342	86	0	2480	1455	5	346	3.5e-164	573.2
NC_077680.1	QTT61878.1_replication-associated_protein_[Opuntia_virus_2]	74.6	342	87	0	2480	1455	5	346	7.7e-164	572.0
NC_077680.1	QTT61818.1_replication-associated_protein_[Opuntia_virus_2]	74.9	342	86	0	2480	1455	5	346	1.0e-163	571.6
NC_077680.1	QTT61758.1_replication-associated_protein_[Opuntia_virus_2]	75.1	345	86	0	2489	1455	1	345	2.2e-163	570.5
NC_077680.1	QTT61803.1_replication-associated_protein_[Opuntia_virus_2]	74.6	342	87	0	2480	1455	5	346	5.0e-163	569.3
NC_077680.1	QTT61828.1_replication-associated_protein_[Opuntia_virus_2]	74.5	345	88	0	2489	1455	1	345	8.5e-163	568.5
NC_077680.1	QTT61868.1_replication-associated_protein_[Opuntia_virus_2]	74.2	345	89	0	2489	1455	1	345	1.1e-162	568.2
NC_077680.1	QTT61838.1_replication-associated_protein_[Opuntia_virus_2]	74.5	345	88	0	2489	1455	1	345	2.5e-162	567.0
NC_077680.1	QTT61858.1_replication-associated_protein_[Opuntia_virus_2]	74.5	345	88	0	2489	1455	1	345	5.5e-162	565.8
NC_077680.1	QTT61798.1_replication-associated_protein_[Opuntia_virus_2]	74.5	345	88	0	2489	1455	1	345	1.2e-161	564.7
NC_077680.1	QTT61873.1_replication-associated_protein_[Opuntia_virus_2]	73.6	345	91	0	2489	1455	1	345	1.6e-161	564.3
NC_077680.1	QTT61843.1_replication-associated_protein_[Opuntia_virus_2]	73.7	342	90	0	2480	1455	5	346	3.6e-161	563.1
NC_077680.1	QTT61698.1_replication-associated_protein_[Opuntia_virus_2]	73.9	345	90	0	2489	1455	1	345	4.7e-161	562.8
NC_077680.1	QTT61713.1_replication-associated_protein_[Opuntia_virus_2]	74.2	345	89	0	2489	1455	1	345	8.0e-161	562.0
NC_077680.1	QTT61708.1_replication-associated_protein_[Opuntia_virus_2]	74.5	345	88	0	2489	1455	1	345	8.0e-161	562.0
NC_077680.1	QTT61753.1_replication-associated_protein_[Opuntia_virus_2]	73.9	345	90	0	2489	1455	1	345	3.0e-160	560.1
NC_077680.1	QTT61733.1_replication-associated_protein_[Opuntia_virus_2]	73.9	345	90	0	2489	1455	1	345	3.0e-160	560.1
NC_078392.1	AYN80447.1_186K_protein_[Cucumber_green_mottle_mosaic_virus]	29.5	315	185	9	4720	5655	850	1130	1.7e-22	103.6
NC_078392.1	AYN80446.1_129K_protein_[Cucumber_green_mottle_mosaic_virus]	29.5	315	185	9	4720	5655	850	1130	1.7e-22	103.6
NC_078392.1	AJP08689.1_186K_protein_[Cucumber_green_mottle_mosaic_virus]	28.7	352	201	11	4621	5655	822	1130	1.7e-22	103.6
NC_078392.1	AJP08690.1_129K_protein_[Cucumber_green_mottle_mosaic_virus]	28.7	352	201	11	4621	5655	822	1130	1.7e-22	103.6
NC_078392.1	AGR03826.1_RNA_replicase_[Cucumber_green_mottle_mosaic_virus]	28.7	352	201	11	4621	5655	822	1130	1.7e-22	103.6
NC_078392.1	AGR03827.1_RNA_replicase_[Cucumber_green_mottle_mosaic_virus]	28.7	352	201	11	4621	5655	822	1130	1.7e-22	103.6
NC_078392.1	NP_044577.1_186K_protein_[Cucumber_green_mottle_mosaic_virus]	28.7	352	201	11	4621	5655	822	1130	2.2e-22	103.2
NC_078392.1	AZJ51134.1_nonstructural_polyprotein_[Cucumber_green_mottle_mosaic_virus]	29.0	352	200	11	4621	5655	822	1130	2.2e-22	103.2
NC_078392.1	AYN80503.1_186K_protein_[Cucumber_green_mottle_mosaic_virus]	29.0	352	200	11	4621	5655	822	1130	2.2e-22	103.2
NC_078392.1	AYN80410.1_129K_protein_[Cucumber_green_mottle_mosaic_virus]	29.0	352	200	11	4621	5655	822	1130	2.2e-22	103.2
NC_078392.1	AYN80382.1_129K_protein_[Cucumber_green_mottle_mosaic_virus]	29.0	352	200	11	4621	5655	822	1130	2.2e-22	103.2
NC_078392.1	AYN80383.1_186K_protein_[Cucumber_green_mottle_mosaic_virus]	29.0	352	200	11	4621	5655	822	1130	2.2e-22	103.2
NC_078392.1	AYN80423.1_186K_protein_[Cucumber_green_mottle_mosaic_virus]	29.0	352	200	11	4621	5655	822	1130	2.2e-22	103.2
NC_078392.1	AYN80422.1_129K_protein_[Cucumber_green_mottle_mosaic_virus]	29.0	352	200	11	4621	5655	822	1130	2.2e-22	103.2
NC_078392.1	AYN80411.1_186K_protein_[Cucumber_green_mottle_mosaic_virus]	29.0	352	200	11	4621	5655	822	1130	2.2e-22	103.2
NC_078392.1	APW35791.1_186K_protein_[Cucumber_green_mottle_mosaic_virus]	29.0	352	200	11	4621	5655	822	1130	2.2e-22	103.2
NC_078392.1	APW35792.1_129K_protein_[Cucumber_green_mottle_mosaic_virus]	29.0	352	200	11	4621	5655	822	1130	2.2e-22	103.2
NC_078392.1	NP_671719.1_126kDa_protein_[Paprika_mild_mottle_virus]	29.1	333	197	11	4651	5637	797	1094	2.2e-22	103.2
NC_078392.1	NP_044578.1_129K_protein_[Cucumber_green_mottle_mosaic_virus]	28.7	352	201	11	4621	5655	822	1130	2.2e-22	103.2
NC_078392.1	NP_671718.1_183kDa_protein_[Paprika_mild_mottle_virus]	29.1	333	197	11	4651	5637	797	1094	2.2e-22	103.2
NC_078670.1	YP_009553013.2_187_kDa_hypothetical_polymerase_[Opuntia_virus_2]	28.4	469	306	12	586	1917	1103	1566	1.7e-40	162.2
NC_078670.1	NP_624336.1_189_kDa_replicase_[Zucchini_green_mottle_mosaic_virus]	28.5	411	269	9	664	1824	1193	1602	3.2e-34	141.4
NC_078670.1	CAH69386.1_189_kDa_replicase_[Zucchini_green_mottle_mosaic_virus]	28.5	411	269	9	664	1824	1193	1602	3.2e-34	141.4
NC_078670.1	NP_619684.1_189_kDa_replicase_[Kyuri_green_mottle_mosaic_virus]	29.0	411	267	9	664	1824	1193	1602	4.2e-34	141.0
NC_078670.1	AVW80123.1_189_kDa_replicase_[Zucchini_green_mottle_mosaic_virus]	28.2	411	270	9	664	1824	1193	1602	4.2e-34	141.0
NC_078670.1	YP_002455905.1_replicase_[Cactus_mild_mottle_virus]	28.2	432	278	9	664	1890	1169	1591	7.1e-34	140.2
NC_078670.1	ABX57121.1_58_kDa_protein,_partial_[Cactus_mild_mottle_virus]	28.2	432	278	9	664	1890	26	448	7.1e-34	140.2
NC_078670.1	ATU47241.1_RdRp_protein_[Rattail_cactus_necrosis-associated_virus]	26.7	435	292	9	571	1821	1150	1575	9.3e-34	139.8
NC_078670.1	ANH10865.1_RdRp_polymerase_[Rattail_cactus_necrosis-associated_virus]	26.7	435	292	9	571	1821	1150	1575	9.3e-34	139.8
NC_078670.1	YP_009362087.1_protein_183_[Hoya_chlorotic_spot_virus]	26.5	408	278	7	658	1824	1134	1538	3.5e-33	137.9
NC_078670.1	AEV40683.1_replicase_large_component_[Cucumber_fruit_mottle_mosaic_virus]	30.0	380	231	10	856	1911	1261	1633	3.5e-33	137.9
NC_078670.1	YP_004936166.1_185_kDa_protein_[Rattail_cactus_necrosis-associated_virus]	26.4	435	293	9	571	1821	1150	1575	1.0e-32	136.3
NC_078670.1	NP_072162.1_replicase_large_component_[Cucumber_fruit_mottle_mosaic_virus]	30.0	380	231	10	856	1911	1258	1630	1.0e-32	136.3
NC_078670.1	YP_004956727.1_replicase_readthrough_component_[Clitoria_yellow_mottle_virus]	27.3	411	272	9	664	1824	1160	1567	1.3e-32	136.0
NC_078670.1	QIJ70154.1_replicase_readthrough_component_[Ribgrass_mosaic_virus]	25.2	404	284	7	664	1824	1134	1536	1.8e-32	135.6
NC_078670.1	BBB04667.1_replicase_large_component_[Youcai_mosaic_virus]	25.5	404	283	7	664	1824	1130	1532	1.8e-32	135.6
NC_078670.1	QNG71015.1_185_kDa_replication_protein,_partial_[Rattail_cactus_necrosis-associated_virus]	26.6	440	286	10	571	1821	1062	1487	2.3e-32	135.2
NC_078670.1	QIJ70152.1_replicase_readthrough_component,_partial_[Ribgrass_mosaic_virus]	26.3	407	276	9	664	1824	473	875	3.9e-32	134.4
NC_078670.1	AEI69664.1_replicase_readthrough_component_[Ribgrass_mosaic_virus]	26.0	407	277	9	664	1824	1134	1536	3.9e-32	134.4
NC_078670.1	QIJ70147.1_replicase_readthrough_component_[Ribgrass_mosaic_virus]	26.0	407	277	9	664	1824	1134	1536	5.1e-32	134.0
NC_078673.1	QXO33012.1_297.9_kDa_replicase_[Rubber_tree_latent_virus_1]	31.1	492	314	8	6457	7884	2106	2588	2.4e-57	219.9
NC_078673.1	YP_009362087.1_protein_183_[Hoya_chlorotic_spot_virus]	27.7	465	320	8	6505	7875	1145	1601	2.7e-45	179.9
NC_078673.1	ATU47245.1_RdRp_protein_[Rattail_cactus_necrosis-associated_virus]	27.3	472	332	7	6478	7875	1173	1639	2.5e-43	173.3
NC_078673.1	AEW67306.2_replicase_large_protein_[Frangipani_mosaic_virus]	26.9	491	339	7	6448	7887	1163	1644	7.4e-43	171.8
NC_078673.1	ATU47241.1_RdRp_protein_[Rattail_cactus_necrosis-associated_virus]	27.0	474	335	6	6478	7881	1173	1641	9.7e-43	171.4
NC_078673.1	ANH10865.1_RdRp_polymerase_[Rattail_cactus_necrosis-associated_virus]	27.0	474	335	6	6478	7881	1173	1641	9.7e-43	171.4
NC_078673.1	YP_908760.1_188_kDa_replicase_[Cucumber_mottle_virus]	26.1	475	336	7	6505	7896	1202	1672	2.8e-42	169.9
NC_078673.1	YP_004956727.1_replicase_readthrough_component_[Clitoria_yellow_mottle_virus]	25.7	495	339	7	6448	7881	1150	1632	3.7e-42	169.5
NC_078673.1	YP_004936166.1_185_kDa_protein_[Rattail_cactus_necrosis-associated_virus]	26.9	472	334	7	6478	7875	1173	1639	4.8e-42	169.1
NC_078673.1	QNG71015.1_185_kDa_replication_protein,_partial_[Rattail_cactus_necrosis-associated_virus]	26.9	472	334	7	6478	7875	1085	1551	6.3e-42	168.7
NC_078673.1	QOC69614.1_RNA_replicase_read-through_component_[Hoya_necrotic_spot_virus]	27.1	490	332	9	6442	7875	1146	1622	1.4e-41	167.5
NC_078673.1	AEV40683.1_replicase_large_component_[Cucumber_fruit_mottle_mosaic_virus]	26.4	504	342	10	6427	7884	1175	1667	1.8e-41	167.2
NC_078673.1	QBL54228.1_RNA-dependent_RNA_polymerase_[Watermelon_green_mottle_mosaic_virus]	26.1	475	336	7	6505	7896	1202	1672	4.1e-41	166.0
NC_078673.1	AYP67493.1_189_kDa_replicase_[Watermelon_green_mottle_mosaic_virus]	26.1	475	336	7	6505	7896	1202	1672	4.1e-41	166.0
NC_078673.1	QPB71861.1_RNA-dependent_RNA_polymerase_[Watermelon_green_mottle_mosaic_virus]	26.5	486	320	8	6505	7896	1202	1672	5.3e-41	165.6
NC_078673.1	QSM07164.1_RNA-dependent_RNA_polymerase_[Cucumber_fruit_mottle_mosaic_virus]	26.4	504	342	10	6427	7884	1175	1667	1.2e-40	164.5
NC_078673.1	YP_004465358.1_184_kDa_protein_[Passion_fruit_mosaic_virus]	25.2	489	336	7	6478	7875	1128	1609	1.5e-40	164.1
NC_078673.1	YP_009553013.2_187_kDa_hypothetical_polymerase_[Opuntia_virus_2]	27.0	481	338	6	6460	7878	1121	1596	2.6e-40	163.3
NC_078673.1	QIJ70147.1_replicase_readthrough_component_[Ribgrass_mosaic_virus]	26.3	468	329	8	6496	7875	1140	1599	4.5e-40	162.5
NC_078673.1	YP_001041889.1_183_kDa_protein_[Rehmannia_mosaic_virus]	25.8	466	334	6	6505	7881	1152	1612	5.9e-40	162.2
NC_001495.1	ANV28177.1_helicase_[Paprika_mild_mottle_virus]	23.9	1120	696	40	281	3394	43	1088	3.3e-48	188.3
NC_001495.1	ANV28178.1_RdRp_[Paprika_mild_mottle_virus]	23.9	1120	696	40	281	3394	43	1088	3.3e-48	188.3
NC_001495.1	UEP55461.1_p183_[Tobacco_mild_green_mosaic_virus]	24.3	1124	673	43	299	3394	47	1084	1.1e-46	183.3
NC_001495.1	UEP55458.1_p126_[Tobacco_mild_green_mosaic_virus]	24.3	1124	673	43	299	3394	47	1084	1.1e-46	183.3
NC_001495.1	QOW17528.1_p183_kDa_protein_[Tobacco_mild_green_mosaic_virus]	24.0	1123	677	42	299	3394	47	1084	1.8e-46	182.6
NC_001495.1	QOW17529.1_p126_KDa_protein_[Tobacco_mild_green_mosaic_virus]	24.0	1123	677	42	299	3394	47	1084	1.8e-46	182.6
NC_001495.1	UEP55469.1_p183_[Tobacco_mild_green_mosaic_virus]	24.3	1124	673	43	299	3394	47	1084	3.1e-46	181.8
NC_001495.1	UEP55466.1_p126_[Tobacco_mild_green_mosaic_virus]	24.3	1124	673	43	299	3394	47	1084	3.1e-46	181.8
NC_001495.1	UEP55462.1_p126_[Tobacco_mild_green_mosaic_virus]	24.0	1123	678	42	299	3394	47	1084	4.1e-46	181.4
NC_001495.1	UEP55465.1_p183_[Tobacco_mild_green_mosaic_virus]	24.0	1123	678	42	299	3394	47	1084	4.1e-46	181.4
NC_001495.1	UEP55470.1_p126_[Tobacco_mild_green_mosaic_virus]	24.0	1123	677	42	299	3394	47	1084	5.3e-46	181.0
NC_001495.1	UEP55473.1_p183_[Tobacco_mild_green_mosaic_virus]	24.0	1123	677	42	299	3394	47	1084	5.3e-46	181.0
NC_001495.1	UEP55457.1_p183_[Tobacco_mild_green_mosaic_virus]	24.0	1123	678	42	299	3394	47	1084	6.9e-46	180.6
NC_001495.1	UEP55454.1_p126_[Tobacco_mild_green_mosaic_virus]	24.0	1123	678	42	299	3394	47	1084	6.9e-46	180.6
NC_001495.1	AYE91498.1_183_kDa_protein_[Tobacco_mild_green_mosaic_virus]	24.1	1130	668	44	299	3394	47	1084	6.9e-46	180.6
NC_001495.1	AYE91499.1_126_kDa_protein_[Tobacco_mild_green_mosaic_virus]	24.1	1130	668	44	299	3394	47	1084	6.9e-46	180.6
NC_001495.1	QDO67151.1_126_kDa_polyprotein_[Tobacco_mild_green_mosaic_virus]	24.0	1123	678	42	299	3394	47	1084	9.1e-46	180.3
NC_001495.1	QDO67152.1_183_kDa_polyprotein_[Tobacco_mild_green_mosaic_virus]	24.0	1123	678	42	299	3394	47	1084	9.1e-46	180.3
NC_001495.1	AVT28143.1_183_kDa_protein_[Tobacco_mild_green_mosaic_virus]	23.9	1123	679	42	299	3394	47	1084	1.5e-45	179.5
NC_001495.1	AVT28144.1_126_kDa_protein_[Tobacco_mild_green_mosaic_virus]	23.9	1123	679	42	299	3394	47	1084	1.5e-45	179.5
NC_003673.1	AYE91498.1_183_kDa_protein_[Tobacco_mild_green_mosaic_virus]	34.0	306	177	9	1883	2770	791	1081	1.2e-33	139.8
NC_003673.1	AYE91499.1_126_kDa_protein_[Tobacco_mild_green_mosaic_virus]	34.0	306	177	9	1883	2770	791	1081	1.2e-33	139.8
NC_003673.1	QIM41096.1_126_kDa_protein_[Tobacco_mild_green_mosaic_virus]	32.8	348	205	11	1760	2770	752	1081	2.0e-33	139.0
NC_003673.1	QIM41095.1_183kDa_protein_[Tobacco_mild_green_mosaic_virus]	32.8	348	205	11	1760	2770	752	1081	2.0e-33	139.0
NC_003673.1	QYA72117.1_replication-associated_protein_[Tobacco_mild_green_mosaic_virus]	32.5	348	206	11	1760	2770	752	1081	5.8e-33	137.5
NC_003673.1	QYA72116.1_RNA-dependent_RNA_polymerase_[Tobacco_mild_green_mosaic_virus]	32.5	348	206	11	1760	2770	752	1081	5.8e-33	137.5
NC_003673.1	UEP55457.1_p183_[Tobacco_mild_green_mosaic_virus]	32.5	348	206	11	1760	2770	752	1081	7.5e-33	137.1
NC_003673.1	UEP55454.1_p126_[Tobacco_mild_green_mosaic_virus]	32.5	348	206	11	1760	2770	752	1081	7.5e-33	137.1
NC_003673.1	UEP55461.1_p183_[Tobacco_mild_green_mosaic_virus]	32.5	348	206	11	1760	2770	752	1081	7.5e-33	137.1
NC_003673.1	UEP55462.1_p126_[Tobacco_mild_green_mosaic_virus]	32.5	348	206	11	1760	2770	752	1081	7.5e-33	137.1
NC_003673.1	UEP55453.1_p183_[Tobacco_mild_green_mosaic_virus]	32.5	348	206	11	1760	2770	752	1081	7.5e-33	137.1
NC_003673.1	UEP55465.1_p183_[Tobacco_mild_green_mosaic_virus]	32.5	348	206	11	1760	2770	752	1081	7.5e-33	137.1
NC_003673.1	UEP55450.1_p126_[Tobacco_mild_green_mosaic_virus]	32.5	348	206	11	1760	2770	752	1081	7.5e-33	137.1
NC_003673.1	UEP55458.1_p126_[Tobacco_mild_green_mosaic_virus]	32.5	348	206	11	1760	2770	752	1081	7.5e-33	137.1
NC_003673.1	QOW17528.1_p183_kDa_protein_[Tobacco_mild_green_mosaic_virus]	33.7	306	178	9	1883	2770	791	1081	7.5e-33	137.1
NC_003673.1	QOW17529.1_p126_KDa_protein_[Tobacco_mild_green_mosaic_virus]	33.7	306	178	9	1883	2770	791	1081	7.5e-33	137.1
NC_003673.1	QIM41099.1_183kDa_protein_[Tobacco_mild_green_mosaic_virus]	32.5	348	206	11	1760	2770	752	1081	7.5e-33	137.1
NC_003673.1	QIM41100.1_126_kDa_protein_[Tobacco_mild_green_mosaic_virus]	32.5	348	206	11	1760	2770	752	1081	7.5e-33	137.1
NC_003673.1	UEP55470.1_p126_[Tobacco_mild_green_mosaic_virus]	32.5	348	206	11	1760	2770	752	1081	9.9e-33	136.7
NC_003673.1	UEP55469.1_p183_[Tobacco_mild_green_mosaic_virus]	32.5	348	206	11	1760	2770	752	1081	9.9e-33	136.7
NC_003825.1	QTT61818.1_replication-associated_protein_[Opuntia_virus_2]	74.2	349	90	0	2759	1713	1	349	1.4e-158	554.7
NC_003825.1	QTT61673.1_replication-associated_protein_[Opuntia_virus_2]	73.4	349	93	0	2759	1713	1	349	5.3e-158	552.7
NC_003825.1	QTT61803.1_replication-associated_protein_[Opuntia_virus_2]	74.6	346	88	0	2759	1722	1	346	1.2e-157	551.6
NC_003825.1	QTT61843.1_replication-associated_protein_[Opuntia_virus_2]	73.6	349	92	0	2759	1713	1	349	2.6e-157	550.4
NC_003825.1	QTT61678.1_replication-associated_protein_[Opuntia_virus_2]	73.1	349	94	0	2759	1713	1	349	2.6e-157	550.4
NC_003825.1	QTT61878.1_replication-associated_protein_[Opuntia_virus_2]	73.1	349	94	0	2759	1713	1	349	3.4e-157	550.1
NC_003825.1	QTT61683.1_replication-associated_protein_[Opuntia_virus_2]	73.1	349	94	0	2759	1713	1	349	3.4e-157	550.1
NC_003825.1	QTT61693.1_replication-associated_protein_[Opuntia_virus_2]	73.1	349	94	0	2759	1713	1	349	3.4e-157	550.1
NC_003825.1	QTT61828.1_replication-associated_protein_[Opuntia_virus_2]	73.3	345	92	0	2747	1713	4	348	1.6e-154	541.2
NC_003825.1	QTT61758.1_replication-associated_protein_[Opuntia_virus_2]	72.8	345	94	0	2747	1713	4	348	4.6e-154	539.7
NC_003825.1	QTT61868.1_replication-associated_protein_[Opuntia_virus_2]	72.8	345	94	0	2747	1713	4	348	7.9e-154	538.9
NC_003825.1	QTT61838.1_replication-associated_protein_[Opuntia_virus_2]	73.0	345	93	0	2747	1713	4	348	2.3e-153	537.3
NC_003825.1	QTT61798.1_replication-associated_protein_[Opuntia_virus_2]	73.4	342	91	0	2747	1722	4	345	6.7e-153	535.8
NC_003825.1	QTT61858.1_replication-associated_protein_[Opuntia_virus_2]	73.1	342	92	0	2747	1722	4	345	6.7e-153	535.8
NC_003825.1	QTT61873.1_replication-associated_protein_[Opuntia_virus_2]	72.2	345	96	0	2747	1713	4	348	1.1e-152	535.0
NC_003825.1	QTT61713.1_replication-associated_protein_[Opuntia_virus_2]	73.5	339	90	0	2738	1722	7	345	1.9e-152	534.3
NC_003825.1	QTT61733.1_replication-associated_protein_[Opuntia_virus_2]	73.2	339	91	0	2738	1722	7	345	7.4e-152	532.3
NC_003825.1	QTT61698.1_replication-associated_protein_[Opuntia_virus_2]	72.2	342	95	0	2747	1722	4	345	9.6e-152	531.9
NC_003825.1	QTT61728.1_replication-associated_protein_[Opuntia_virus_2]	72.2	342	95	0	2738	1713	7	348	1.3e-151	531.6
NC_003825.1	QTT61753.1_replication-associated_protein_[Opuntia_virus_2]	72.9	339	92	0	2738	1722	7	345	1.6e-151	531.2
NC_012134.1	QWT83705.1_replication-associated_protein_[Sunn-hemp_mosaic_virus]	29.4	282	164	9	2198	3010	840	1097	6.6e-19	90.9
NC_012134.1	QWT83704.1_RNA-dependent_RNA_polymerase_[Sunn-hemp_mosaic_virus]	29.4	282	164	9	2198	3010	840	1097	6.6e-19	90.9
NC_012134.1	BCG11495.1_129_kDa_replicase_[Sunn-hemp_mosaic_virus]	29.4	282	164	9	2198	3010	840	1097	6.6e-19	90.9
NC_012134.1	BCG11494.1_186_kDa_replicase_[Sunn-hemp_mosaic_virus]	29.4	282	164	9	2198	3010	840	1097	6.6e-19	90.9
NC_012134.1	P89202.2_Replicase_large_subunit_[Sunn-hemp_mosaic_virus]	29.4	282	164	9	2198	3010	840	1097	8.7e-19	90.5
NC_012134.1	YP_009665958.1_129_kDa_[Sunn-hemp_mosaic_virus]	29.4	282	164	9	2198	3010	840	1097	8.7e-19	90.5
NC_012134.1	YP_009553014.2_128_KDa_hypothetical_replicase_[Opuntia_virus_2]	31.7	287	158	13	2198	3019	809	1070	9.6e-18	87.0
NC_012134.1	YP_009553013.2_187_kDa_hypothetical_polymerase_[Opuntia_virus_2]	31.7	287	158	13	2198	3019	809	1070	9.6e-18	87.0
NC_012134.1	ALA65400.1_129K_protein_[Cucumber_green_mottle_mosaic_virus]	21.9	515	302	18	101	1465	1	475	1.3e-17	86.7
NC_012134.1	ALA65401.1_186K_protein_[Cucumber_green_mottle_mosaic_virus]	21.9	515	302	18	101	1465	1	475	1.3e-17	86.7
NC_012134.1	AWV56761.1_RNA_replicase_2_[Cucumber_green_mottle_mosaic_virus]	21.9	515	302	18	101	1465	1	475	1.6e-17	86.3
NC_012134.1	AWV56760.1_RNA_replicase_1_[Cucumber_green_mottle_mosaic_virus]	21.9	515	302	18	101	1465	1	475	1.6e-17	86.3
NC_012134.1	QCO96375.1_186K_replicase_protein_[Cucumber_green_mottle_mosaic_virus]	21.9	515	302	18	101	1465	1	475	1.6e-17	86.3
NC_012134.1	AYN80431.1_186K_protein_[Cucumber_green_mottle_mosaic_virus]	21.5	512	300	17	119	1465	3	475	2.1e-17	85.9
NC_012134.1	AYN80430.1_129K_protein_[Cucumber_green_mottle_mosaic_virus]	21.5	512	300	17	119	1465	3	475	2.1e-17	85.9
NC_012134.1	AGR03818.1_RNA_replicase_[Cucumber_green_mottle_mosaic_virus]	21.9	515	302	18	101	1465	1	475	2.1e-17	85.9
NC_012134.1	AGR03819.1_RNA_replicase_[Cucumber_green_mottle_mosaic_virus]	21.9	515	302	18	101	1465	1	475	2.1e-17	85.9
NC_012134.1	UBX89844.1_replicase_[Cucumber_green_mottle_mosaic_virus]	21.9	515	302	18	101	1465	1	475	2.8e-17	85.5
NC_012134.1	UBX89845.1_replicase_[Cucumber_green_mottle_mosaic_virus]	21.9	515	302	18	101	1465	1	475	2.8e-17	85.5
NC_012134.1	AYN80362.1_129K_protein_[Cucumber_green_mottle_mosaic_virus]	22.1	515	301	18	101	1465	1	475	2.8e-17	85.5
NC_012664.1	QTT61843.1_replication-associated_protein_[Opuntia_virus_2]	45.4	348	174	8	2651	1647	1	345	2.3e-81	298.1
NC_012664.1	QTT61798.1_replication-associated_protein_[Opuntia_virus_2]	45.0	342	172	8	2633	1647	6	344	6.6e-81	296.6
NC_012664.1	QTT61758.1_replication-associated_protein_[Opuntia_virus_2]	45.2	343	170	9	2633	1647	6	344	8.6e-81	296.2
NC_012664.1	QTT61868.1_replication-associated_protein_[Opuntia_virus_2]	44.4	342	174	8	2633	1647	6	344	1.9e-80	295.0
NC_012664.1	QTT61788.1_replication-associated_protein_[Opuntia_virus_2]	45.3	342	169	9	2630	1647	7	344	1.9e-80	295.0
NC_012664.1	QTT61763.1_replication-associated_protein_[Opuntia_virus_2]	45.3	342	169	9	2630	1647	7	344	2.5e-80	294.7
NC_012664.1	QTT61678.1_replication-associated_protein_[Opuntia_virus_2]	45.4	348	174	8	2651	1647	1	345	2.5e-80	294.7
NC_012664.1	QTT61858.1_replication-associated_protein_[Opuntia_virus_2]	44.7	342	173	8	2633	1647	6	344	7.2e-80	293.1
NC_012664.1	QTT61768.1_replication-associated_protein_[Opuntia_virus_2]	44.0	341	175	8	2630	1647	7	344	7.2e-80	293.1
NC_012664.1	QTT61683.1_replication-associated_protein_[Opuntia_virus_2]	45.1	348	175	8	2651	1647	1	345	7.2e-80	293.1
NC_012664.1	QTT61828.1_replication-associated_protein_[Opuntia_virus_2]	44.4	342	174	8	2633	1647	6	344	9.5e-80	292.7
NC_012664.1	QTT61863.1_replication-associated_protein_[Opuntia_virus_2]	44.2	342	173	9	2630	1647	7	344	9.5e-80	292.7
NC_012664.1	QTT61808.1_replication-associated_protein_[Opuntia_virus_2]	44.0	341	175	8	2630	1647	7	344	9.5e-80	292.7
NC_012664.1	QTT61673.1_replication-associated_protein_[Opuntia_virus_2]	45.1	348	175	8	2651	1647	1	345	9.5e-80	292.7
NC_012664.1	QTT61818.1_replication-associated_protein_[Opuntia_virus_2]	44.8	348	176	8	2651	1647	1	345	1.2e-79	292.4
NC_012664.1	QTT61698.1_replication-associated_protein_[Opuntia_virus_2]	44.6	343	172	9	2633	1647	6	344	1.2e-79	292.4
NC_012664.1	QTT61873.1_replication-associated_protein_[Opuntia_virus_2]	44.2	342	175	8	2633	1647	6	344	1.6e-79	292.0
NC_012664.1	QTT61853.1_replication-associated_protein_[Opuntia_virus_2]	45.0	342	170	9	2630	1647	7	344	1.6e-79	292.0
NC_012664.1	QTT61848.1_replication-associated_protein_[Opuntia_virus_2]	45.0	342	170	9	2630	1647	7	344	1.6e-79	292.0
NC_012664.1	QTT61773.1_replication-associated_protein_[Opuntia_virus_2]	45.0	342	170	9	2630	1647	7	344	1.6e-79	292.0
NC_015521.1	QED42965.1_putative_RdRp_[Leucocoprinus_tobamovirus_A]	24.7	320	213	11	4202	5098	1874	2186	3.0e-08	56.6
NC_016141.1	QXO33012.1_297.9_kDa_replicase_[Rubber_tree_latent_virus_1]	32.9	459	290	10	6776	8110	2137	2591	1.1e-59	227.6
NC_016141.1	QSM07164.1_RNA-dependent_RNA_polymerase_[Cucumber_fruit_mottle_mosaic_virus]	28.3	495	332	9	6665	8104	1181	1667	8.2e-50	194.9
NC_016141.1	YP_004956727.1_replicase_readthrough_component_[Clitoria_yellow_mottle_virus]	27.3	484	333	7	6686	8101	1156	1632	8.2e-50	194.9
NC_016141.1	NP_072162.1_replicase_large_component_[Cucumber_fruit_mottle_mosaic_virus]	27.7	495	337	8	6662	8104	1177	1664	5.3e-49	192.2
NC_016141.1	AEV40683.1_replicase_large_component_[Cucumber_fruit_mottle_mosaic_virus]	27.7	495	335	8	6665	8104	1181	1667	5.3e-49	192.2
NC_016141.1	YP_009553013.2_187_kDa_hypothetical_polymerase_[Opuntia_virus_2]	29.5	482	319	7	6689	8098	1124	1596	2.6e-48	189.9
NC_016141.1	AYN80451.1_186K_protein_[Cucumber_green_mottle_mosaic_virus]	27.0	492	340	7	6665	8101	1160	1645	2.5e-46	183.3
NC_016141.1	YP_008802584.1_183k_replicase_[Yellow_tailflower_mild_mottle_virus]	27.7	477	330	6	6689	8095	1143	1612	2.5e-46	183.3
NC_016141.1	AVW80123.1_189_kDa_replicase_[Zucchini_green_mottle_mosaic_virus]	27.4	492	334	9	6665	8095	1182	1665	3.2e-46	183.0
NC_016141.1	AYN80487.1_186K_protein_[Cucumber_green_mottle_mosaic_virus]	26.3	490	346	6	6665	8101	1160	1645	4.2e-46	182.6
NC_016141.1	NP_624336.1_189_kDa_replicase_[Zucchini_green_mottle_mosaic_virus]	27.4	492	334	9	6665	8095	1182	1665	4.2e-46	182.6
NC_016141.1	CAH69386.1_189_kDa_replicase_[Zucchini_green_mottle_mosaic_virus]	27.4	492	334	9	6665	8095	1182	1665	4.2e-46	182.6
NC_016141.1	AYN80439.1_186K_protein_[Cucumber_green_mottle_mosaic_virus]	26.4	492	343	6	6665	8101	1160	1645	5.5e-46	182.2
NC_016141.1	NP_619684.1_189_kDa_replicase_[Kyuri_green_mottle_mosaic_virus]	28.3	492	330	10	6665	8095	1182	1665	5.5e-46	182.2
NC_016141.1	AYN80363.1_186K_protein_[Cucumber_green_mottle_mosaic_virus]	26.6	492	342	6	6665	8101	1160	1645	7.2e-46	181.8
NC_016141.1	AAM02962.1_RNA_replicase_[Cucumber_green_mottle_mosaic_virus]	26.3	490	346	6	6665	8101	1160	1645	7.2e-46	181.8
NC_016141.1	NP_044577.1_186K_protein_[Cucumber_green_mottle_mosaic_virus]	26.3	490	346	6	6665	8101	1160	1645	9.3e-46	181.4
NC_016141.1	QLF99875.1_186_kDa_protein_[Cucumber_green_mottle_mosaic_virus]	26.3	490	346	6	6665	8101	1160	1645	9.3e-46	181.4
NC_016141.1	AJP08677.1_186K_protein_[Cucumber_green_mottle_mosaic_virus]	26.3	490	346	6	6665	8101	1160	1645	9.3e-46	181.4
NC_016141.1	APG77584.1_replicase_[Cucumber_green_mottle_mosaic_virus]	26.3	490	346	6	6665	8101	1160	1645	9.3e-46	181.4
NC_018519.1	QXO33012.1_297.9_kDa_replicase_[Rubber_tree_latent_virus_1]	27.0	426	297	7	9273	10526	2169	2588	4.6e-42	170.2
NC_018519.1	QSM07164.1_RNA-dependent_RNA_polymerase_[Cucumber_fruit_mottle_mosaic_virus]	26.0	416	295	7	9297	10529	1261	1668	1.7e-36	151.8
NC_018519.1	QSM07164.1_RNA-dependent_RNA_polymerase_[Cucumber_fruit_mottle_mosaic_virus]	27.0	352	225	12	8108	9142	878	1204	8.4e-20	96.3
NC_018519.1	AEV40683.1_replicase_large_component_[Cucumber_fruit_mottle_mosaic_virus]	26.0	416	295	7	9297	10529	1261	1668	1.7e-36	151.8
NC_018519.1	AEV40683.1_replicase_large_component_[Cucumber_fruit_mottle_mosaic_virus]	27.0	352	225	12	8108	9142	878	1204	3.2e-19	94.4
NC_018519.1	NP_619684.1_189_kDa_replicase_[Kyuri_green_mottle_mosaic_virus]	28.2	365	250	6	9297	10376	1262	1619	2.9e-36	151.0
NC_018519.1	NP_619684.1_189_kDa_replicase_[Kyuri_green_mottle_mosaic_virus]	26.4	356	222	12	8108	9142	879	1205	9.3e-19	92.8
NC_018519.1	AVW80123.1_189_kDa_replicase_[Zucchini_green_mottle_mosaic_virus]	27.6	381	262	7	9255	10376	1246	1619	6.4e-36	149.8
NC_018519.1	AVW80123.1_189_kDa_replicase_[Zucchini_green_mottle_mosaic_virus]	28.7	359	220	14	8093	9142	874	1205	1.3e-20	99.0
NC_018519.1	CAH69386.1_189_kDa_replicase_[Zucchini_green_mottle_mosaic_virus]	27.6	381	262	7	9255	10376	1246	1619	6.4e-36	149.8
NC_018519.1	CAH69386.1_189_kDa_replicase_[Zucchini_green_mottle_mosaic_virus]	29.0	359	219	14	8093	9142	874	1205	7.6e-21	99.8
NC_018519.1	NP_624336.1_189_kDa_replicase_[Zucchini_green_mottle_mosaic_virus]	27.6	381	262	7	9255	10376	1246	1619	8.4e-36	149.4
NC_018519.1	NP_624336.1_189_kDa_replicase_[Zucchini_green_mottle_mosaic_virus]	29.0	359	219	14	8093	9142	874	1205	7.6e-21	99.8
NC_018519.1	NP_072162.1_replicase_large_component_[Cucumber_fruit_mottle_mosaic_virus]	25.1	415	300	5	9297	10529	1258	1665	8.4e-36	149.4
NC_018519.1	NP_072162.1_replicase_large_component_[Cucumber_fruit_mottle_mosaic_virus]	28.8	299	186	10	8108	8986	879	1156	5.4e-19	93.6
NC_018519.1	BAA87615.1_RNA_replicase_[Kyuri_green_mottle_mosaic_virus]	27.7	365	252	6	9297	10376	1262	1619	1.1e-35	149.1
NC_018519.1	BAA87615.1_RNA_replicase_[Kyuri_green_mottle_mosaic_virus]	28.1	359	212	14	8108	9142	879	1205	2.1e-18	91.7
NC_018519.1	AYN80379.1_186K_protein_[Cucumber_green_mottle_mosaic_virus]	26.8	410	283	9	9204	10409	1208	1608	1.1e-32	139.0
NC_018519.1	AYN80379.1_186K_protein_[Cucumber_green_mottle_mosaic_virus]	26.0	292	182	10	8306	9142	913	1183	3.5e-18	90.9
NC_018519.1	QYA72542.1_RNA-dependent_RNA_polymerase_[Cucumber_green_mottle_mosaic_virus]	25.7	408	290	7	9204	10409	1208	1608	1.6e-31	135.2
NC_018519.1	QYA72542.1_RNA-dependent_RNA_polymerase_[Cucumber_green_mottle_mosaic_virus]	26.0	292	182	10	8306	9142	913	1183	3.5e-18	90.9
NC_018519.1	AVQ10103.1_RNA-dependent_RNA_polymerase_[Cucumber_green_mottle_mosaic_virus]	25.7	408	290	7	9204	10409	1208	1608	1.6e-31	135.2
NC_018519.1	AVQ10103.1_RNA-dependent_RNA_polymerase_[Cucumber_green_mottle_mosaic_virus]	26.0	292	182	10	8306	9142	913	1183	3.5e-18	90.9
NC_018519.1	AYN80423.1_186K_protein_[Cucumber_green_mottle_mosaic_virus]	25.1	407	294	5	9204	10409	1208	1608	3.6e-31	134.0
NC_018519.1	AYN80423.1_186K_protein_[Cucumber_green_mottle_mosaic_virus]	26.7	292	180	10	8306	9142	913	1183	1.2e-18	92.4
NC_018519.1	AYN80431.1_186K_protein_[Cucumber_green_mottle_mosaic_virus]	24.8	407	295	5	9204	10409	1208	1608	4.7e-31	133.7
NC_018519.1	AYN80431.1_186K_protein_[Cucumber_green_mottle_mosaic_virus]	27.1	292	179	10	8306	9142	913	1183	9.3e-19	92.8
NC_018519.1	BAF93918.1_52K_protein_[Cucumber_green_mottle_mosaic_virus]	24.8	407	295	5	9204	10409	61	461	4.7e-31	133.7
NC_018519.1	AYN80363.1_186K_protein_[Cucumber_green_mottle_mosaic_virus]	24.8	407	295	5	9204	10409	1208	1608	6.2e-31	133.3
NC_018519.1	AYN80363.1_186K_protein_[Cucumber_green_mottle_mosaic_virus]	24.5	355	224	12	8117	9142	860	1183	6.0e-18	90.1
NC_018519.1	QWT83571.1_RNA-dependent_RNA_polymerase_[Cucumber_green_mottle_mosaic_virus]	25.5	408	291	7	9204	10409	1208	1608	8.1e-31	132.9
NC_018519.1	QWT83571.1_RNA-dependent_RNA_polymerase_[Cucumber_green_mottle_mosaic_virus]	26.0	292	182	10	8306	9142	913	1183	3.5e-18	90.9
NC_018519.1	AVQ10107.1_RNA-dependent_RNA_polymerase_[Cucumber_green_mottle_mosaic_virus]	25.5	408	291	7	9204	10409	1208	1608	8.1e-31	132.9
NC_018519.1	AVQ10107.1_RNA-dependent_RNA_polymerase_[Cucumber_green_mottle_mosaic_virus]	25.7	292	183	10	8306	9142	913	1183	3.9e-17	87.4
NC_018519.1	AYN80479.1_186K_protein_[Cucumber_green_mottle_mosaic_virus]	25.5	408	291	7	9204	10409	1208	1608	8.1e-31	132.9
NC_018519.1	AYN80479.1_186K_protein_[Cucumber_green_mottle_mosaic_virus]	26.0	292	182	10	8306	9142	913	1183	3.5e-18	90.9
NC_018519.1	AYN80451.1_186K_protein_[Cucumber_green_mottle_mosaic_virus]	25.5	408	291	7	9204	10409	1208	1608	8.1e-31	132.9
NC_018519.1	AYN80451.1_186K_protein_[Cucumber_green_mottle_mosaic_virus]	26.0	292	182	10	8306	9142	913	1183	3.5e-18	90.9
NC_023425.1	YP_950421.1_126_kDa_replicase_[Maracuja_mosaic_virus]	30.2	275	144	12	2416	3108	802	1072	8.3e-13	71.6
NC_023425.1	YP_004936167.1_128_kDa_replication_protein_[Rattail_cactus_necrosis-associated_virus]	29.9	291	132	12	2467	3162	849	1126	2.7e-11	66.6
NC_023425.1	YP_004465359.1_125_kDa_protein_[Passion_fruit_mosaic_virus]	33.6	152	74	6	2707	3090	915	1063	2.7e-11	66.6
NC_023425.1	YP_004465358.1_184_kDa_protein_[Passion_fruit_mosaic_virus]	33.6	152	74	6	2707	3090	915	1063	2.7e-11	66.6
NC_023425.1	YP_004936166.1_185_kDa_protein_[Rattail_cactus_necrosis-associated_virus]	29.9	291	132	12	2467	3162	849	1126	2.7e-11	66.6
NC_023425.1	AEI29173.1_putative_RNA_replicase,_partial_[Passion_fruit_mosaic_virus-TGP]	33.6	152	74	6	2707	3090	904	1052	3.5e-11	66.2
NC_023425.1	QZL11035.1_186_kDa_polymerase_[Hibiscus_latent_Fort_Pierce_virus]	29.6	159	83	6	2707	3108	954	1108	4.0e-07	52.8
NC_023425.1	QZL11036.1_128_kDa_replicase_[Hibiscus_latent_Fort_Pierce_virus]	29.6	159	83	6	2707	3108	954	1108	4.0e-07	52.8
NC_023425.1	QWX21611.1_RNA-dependent_RNA_polymerase_[Hibiscus_latent_Fort_Pierce_virus]	29.6	159	83	6	2707	3108	954	1108	4.0e-07	52.8
NC_023425.1	QWX21612.1_128_kDa_replicase_[Hibiscus_latent_Fort_Pierce_virus]	29.6	159	83	6	2707	3108	954	1108	4.0e-07	52.8
NC_023425.1	QRV07326.1_polymerase_[Hibiscus_latent_Fort_Pierce_virus]	29.6	159	83	6	2707	3108	954	1108	4.0e-07	52.8
NC_023425.1	QRV07327.1_replicase_[Hibiscus_latent_Fort_Pierce_virus]	29.6	159	83	6	2707	3108	954	1108	4.0e-07	52.8
NC_023425.1	YP_009094324.1_128_kDa_replicase_[Hibiscus_latent_Fort_Pierce_virus]	29.6	159	83	6	2707	3108	954	1108	4.0e-07	52.8
NC_023425.1	YP_009094908.1_187_kDa_polymerase_[Hibiscus_latent_Fort_Pierce_virus]	29.6	159	83	6	2707	3108	954	1108	4.0e-07	52.8
NC_023425.1	AVA17444.1_RNA-dependent_RNA_polymerase_[Hibiscus_latent_Fort_Pierce_virus]	29.6	159	83	6	2707	3108	954	1108	4.0e-07	52.8
NC_023425.1	ALU84939.1_128kDa_replicase_[Hibiscus_latent_Fort_Pierce_virus]	29.6	159	83	6	2707	3108	954	1108	4.0e-07	52.8
NC_023425.1	ALU84940.1_188_kDa_polymerase_[Hibiscus_latent_Fort_Pierce_virus]	29.6	159	83	6	2707	3108	954	1108	4.0e-07	52.8
NC_034629.1	QTT61763.1_replication-associated_protein_[Opuntia_virus_2]	62.6	345	129	0	2876	1842	1	345	3.3e-131	463.8
NC_034629.1	QTT61713.1_replication-associated_protein_[Opuntia_virus_2]	62.9	345	128	0	2876	1842	1	345	5.7e-131	463.0
NC_034629.1	QTT61708.1_replication-associated_protein_[Opuntia_virus_2]	62.6	345	129	0	2876	1842	1	345	9.7e-131	462.2
NC_034629.1	QTT61753.1_replication-associated_protein_[Opuntia_virus_2]	62.6	345	129	0	2876	1842	1	345	2.2e-130	461.1
NC_034629.1	QTT61733.1_replication-associated_protein_[Opuntia_virus_2]	62.6	345	129	0	2876	1842	1	345	2.2e-130	461.1
NC_034629.1	QTT61773.1_replication-associated_protein_[Opuntia_virus_2]	62.0	345	131	0	2876	1842	1	345	2.8e-130	460.7
NC_034629.1	QTT61778.1_replication-associated_protein_[Opuntia_virus_2]	62.0	345	131	0	2876	1842	1	345	2.8e-130	460.7
NC_034629.1	QTT61728.1_replication-associated_protein_[Opuntia_virus_2]	62.0	345	131	0	2876	1842	1	345	3.7e-130	460.3
NC_034629.1	QTT61828.1_replication-associated_protein_[Opuntia_virus_2]	61.7	345	132	0	2876	1842	1	345	6.3e-130	459.5
NC_034629.1	QTT61853.1_replication-associated_protein_[Opuntia_virus_2]	61.7	345	132	0	2876	1842	1	345	6.3e-130	459.5
NC_034629.1	QTT61848.1_replication-associated_protein_[Opuntia_virus_2]	61.7	345	132	0	2876	1842	1	345	8.2e-130	459.1
NC_034629.1	QTT61783.1_replication-associated_protein_[Opuntia_virus_2]	61.4	345	133	0	2876	1842	1	345	8.2e-130	459.1
NC_034629.1	QTT61758.1_replication-associated_protein_[Opuntia_virus_2]	61.4	345	133	0	2876	1842	1	345	1.1e-129	458.8
NC_034629.1	QTT61768.1_replication-associated_protein_[Opuntia_virus_2]	62.0	345	131	0	2876	1842	1	345	1.1e-129	458.8
NC_034629.1	QTT61793.1_replication-associated_protein_[Opuntia_virus_2]	61.4	345	133	0	2876	1842	1	345	1.4e-129	458.4
NC_034629.1	QTT61863.1_replication-associated_protein_[Opuntia_virus_2]	61.7	345	132	0	2876	1842	1	345	1.8e-129	458.0
NC_034629.1	QTT61878.1_replication-associated_protein_[Opuntia_virus_2]	61.3	346	133	1	2876	1842	1	346	1.8e-129	458.0
NC_034629.1	QTT61788.1_replication-associated_protein_[Opuntia_virus_2]	61.7	345	132	0	2876	1842	1	345	1.8e-129	458.0
NC_034629.1	QTT61803.1_replication-associated_protein_[Opuntia_virus_2]	62.4	346	129	1	2876	1842	1	346	2.4e-129	457.6
NC_034629.1	QTT61673.1_replication-associated_protein_[Opuntia_virus_2]	61.3	346	133	1	2876	1842	1	346	2.4e-129	457.6
NC_037065.1	QTT61759.1_capsid_protein_[Opuntia_virus_2]	73.4	244	61	1	616	1347	14	253	2.6e-107	384.4
NC_037065.1	QTT61839.1_capsid_protein_[Opuntia_virus_2]	73.0	244	62	1	616	1347	14	253	5.7e-107	383.3
NC_037065.1	QTT61864.1_capsid_protein_[Opuntia_virus_2]	73.4	244	61	1	616	1347	14	253	5.7e-107	383.3
NC_037065.1	QTT61804.1_capsid_protein_[Opuntia_virus_2]	73.4	244	61	1	616	1347	14	253	5.7e-107	383.3
NC_037065.1	QTT61724.1_capsid_protein_[Opuntia_virus_2]	73.0	244	62	1	616	1347	14	253	5.7e-107	383.3
NC_037065.1	QTT61859.1_capsid_protein_[Opuntia_virus_2]	73.0	244	62	1	616	1347	14	253	7.5e-107	382.9
NC_037065.1	QTT61869.1_capsid_protein_[Opuntia_virus_2]	73.0	244	62	1	616	1347	14	253	7.5e-107	382.9
NC_037065.1	QTT61699.1_capsid_protein_[Opuntia_virus_2]	73.0	244	62	1	616	1347	14	253	9.8e-107	382.5
NC_037065.1	QTT61684.1_capsid_protein_[Opuntia_virus_2]	73.0	244	62	1	616	1347	14	253	9.8e-107	382.5
NC_037065.1	QTT61769.1_capsid_protein_[Opuntia_virus_2]	73.0	244	62	1	616	1347	14	253	1.3e-106	382.1
NC_037065.1	QTT61844.1_capsid_protein_[Opuntia_virus_2]	73.0	244	62	1	616	1347	14	253	1.7e-106	381.7
NC_037065.1	QTT61809.1_capsid_protein_[Opuntia_virus_2]	72.5	244	63	1	616	1347	14	253	1.7e-106	381.7
NC_037065.1	QTT61854.1_capsid_protein_[Opuntia_virus_2]	73.0	244	62	1	616	1347	14	253	1.7e-106	381.7
NC_037065.1	QTT61779.1_capsid_protein_[Opuntia_virus_2]	73.0	244	62	1	616	1347	14	253	1.7e-106	381.7
NC_037065.1	QTT61774.1_capsid_protein_[Opuntia_virus_2]	73.0	244	62	1	616	1347	14	253	2.2e-106	381.3
NC_037065.1	QTT61819.1_capsid_protein_[Opuntia_virus_2]	72.5	244	63	1	616	1347	14	253	2.9e-106	380.9
NC_037065.1	QTT61799.1_capsid_protein_[Opuntia_virus_2]	72.5	244	63	1	616	1347	14	253	2.9e-106	380.9
NC_037065.1	QTT61704.1_capsid_protein_[Opuntia_virus_2]	73.0	244	62	1	616	1347	14	253	2.9e-106	380.9
NC_037065.1	QTT61674.1_capsid_protein_[Opuntia_virus_2]	72.5	244	63	1	616	1347	14	253	4.9e-106	380.2
NC_037065.1	QTT61829.1_capsid_protein_[Opuntia_virus_2]	72.5	244	63	1	616	1347	14	253	6.4e-106	379.8
NC_037066.1	QTT61818.1_replication-associated_protein_[Opuntia_virus_2]	66.8	349	114	1	2602	1562	3	351	1.5e-141	498.0
NC_037066.1	QTT61678.1_replication-associated_protein_[Opuntia_virus_2]	66.0	347	116	1	2596	1562	5	351	2.1e-140	494.2
NC_037066.1	QTT61803.1_replication-associated_protein_[Opuntia_virus_2]	66.9	347	113	1	2596	1562	5	351	2.8e-140	493.8
NC_037066.1	QTT61798.1_replication-associated_protein_[Opuntia_virus_2]	65.7	350	118	1	2605	1562	1	350	6.2e-140	492.7
NC_037066.1	QTT61673.1_replication-associated_protein_[Opuntia_virus_2]	65.7	347	117	1	2596	1562	5	351	1.1e-139	491.9
NC_037066.1	QTT61758.1_replication-associated_protein_[Opuntia_virus_2]	65.4	350	119	1	2605	1562	1	350	1.4e-139	491.5
NC_037066.1	QTT61878.1_replication-associated_protein_[Opuntia_virus_2]	65.7	347	117	1	2596	1562	5	351	6.9e-139	489.2
NC_037066.1	QTT61858.1_replication-associated_protein_[Opuntia_virus_2]	65.1	350	120	1	2605	1562	1	350	6.9e-139	489.2
NC_037066.1	QTT61843.1_replication-associated_protein_[Opuntia_virus_2]	65.7	347	117	1	2596	1562	5	351	6.9e-139	489.2
NC_037066.1	QTT61683.1_replication-associated_protein_[Opuntia_virus_2]	65.4	347	118	1	2596	1562	5	351	6.9e-139	489.2
NC_037066.1	QTT61693.1_replication-associated_protein_[Opuntia_virus_2]	65.4	347	118	1	2596	1562	5	351	6.9e-139	489.2
NC_037066.1	QTT61868.1_replication-associated_protein_[Opuntia_virus_2]	64.9	350	121	1	2605	1562	1	350	8.9e-139	488.8
NC_037066.1	QTT61828.1_replication-associated_protein_[Opuntia_virus_2]	65.1	350	120	1	2605	1562	1	350	1.5e-138	488.0
NC_037066.1	QTT61838.1_replication-associated_protein_[Opuntia_virus_2]	65.4	350	119	1	2605	1562	1	350	2.0e-138	487.6
NC_037066.1	QTT61698.1_replication-associated_protein_[Opuntia_virus_2]	64.6	350	122	1	2605	1562	1	350	5.8e-138	486.1
NC_037066.1	QTT61873.1_replication-associated_protein_[Opuntia_virus_2]	64.3	350	123	1	2605	1562	1	350	1.7e-137	484.6
NC_037066.1	QTT61713.1_replication-associated_protein_[Opuntia_virus_2]	66.0	344	115	1	2587	1562	7	350	8.4e-137	482.3
NC_037066.1	QTT61753.1_replication-associated_protein_[Opuntia_virus_2]	65.7	344	116	1	2587	1562	7	350	3.2e-136	480.3
NC_037066.1	QTT61733.1_replication-associated_protein_[Opuntia_virus_2]	65.7	344	116	1	2587	1562	7	350	3.2e-136	480.3
NC_037066.1	QTT61793.1_replication-associated_protein_[Opuntia_virus_2]	65.1	344	118	1	2587	1562	7	350	4.2e-136	479.9
NC_038420.1	QXO33012.1_297.9_kDa_replicase_[Rubber_tree_latent_virus_1]	29.6	388	247	5	6707	7828	2167	2542	8.8e-46	182.2
NC_038420.1	YP_004956727.1_replicase_readthrough_component_[Clitoria_yellow_mottle_virus]	28.6	423	288	7	6707	7954	1215	1630	7.7e-42	169.1
NC_038420.1	QWT83704.1_RNA-dependent_RNA_polymerase_[Sunn-hemp_mosaic_virus]	27.4	427	288	10	6707	7954	1211	1626	5.9e-34	142.9
NC_038420.1	QWT83704.1_RNA-dependent_RNA_polymerase_[Sunn-hemp_mosaic_virus]	29.8	315	179	14	5536	6450	843	1125	2.2e-17	87.8
NC_038420.1	BCG11494.1_186_kDa_replicase_[Sunn-hemp_mosaic_virus]	27.4	427	288	10	6707	7954	1211	1626	1.3e-33	141.7
NC_038420.1	BCG11494.1_186_kDa_replicase_[Sunn-hemp_mosaic_virus]	29.8	315	179	14	5536	6450	843	1125	2.2e-17	87.8
NC_038420.1	QKN22701.1_RNA-dependent_RNA_polymerase_[Erysiphe_necator_associated_tobamo-like_virus_1]	26.7	457	302	11	6527	7831	1796	2241	2.9e-33	140.6
NC_038420.1	QKN22701.1_RNA-dependent_RNA_polymerase_[Erysiphe_necator_associated_tobamo-like_virus_1]	25.4	303	193	10	5542	6423	1478	1756	4.7e-07	53.5
NC_038420.1	QIP68002.1_RNA-dependent_RNA_polymerase_[Plasmopara_viticola_lesion_associated_tobamo-like_virus_1]	26.7	457	302	11	6527	7831	1796	2241	2.9e-33	140.6
NC_038420.1	QIP68002.1_RNA-dependent_RNA_polymerase_[Plasmopara_viticola_lesion_associated_tobamo-like_virus_1]	25.4	303	193	10	5542	6423	1478	1756	4.7e-07	53.5
NC_038420.1	P89202.2_Replicase_large_subunit_[Sunn-hemp_mosaic_virus]	27.2	427	289	10	6707	7954	1211	1626	5.0e-33	139.8
NC_038420.1	P89202.2_Replicase_large_subunit_[Sunn-hemp_mosaic_virus]	30.2	315	178	14	5536	6450	843	1125	5.9e-18	89.7
NC_038420.1	QZL11035.1_186_kDa_polymerase_[Hibiscus_latent_Fort_Pierce_virus]	29.0	310	186	10	5539	6450	852	1133	9.7e-21	99.0
NC_038420.1	QZL11036.1_128_kDa_replicase_[Hibiscus_latent_Fort_Pierce_virus]	29.0	310	186	10	5539	6450	852	1133	9.7e-21	99.0
NC_038420.1	QWX21611.1_RNA-dependent_RNA_polymerase_[Hibiscus_latent_Fort_Pierce_virus]	29.0	310	186	10	5539	6450	852	1133	9.7e-21	99.0
NC_038420.1	QWX21612.1_128_kDa_replicase_[Hibiscus_latent_Fort_Pierce_virus]	29.0	310	186	10	5539	6450	852	1133	9.7e-21	99.0
NC_038420.1	QRV07326.1_polymerase_[Hibiscus_latent_Fort_Pierce_virus]	29.0	310	186	10	5539	6450	852	1133	9.7e-21	99.0
NC_038420.1	QRV07327.1_replicase_[Hibiscus_latent_Fort_Pierce_virus]	29.0	310	186	10	5539	6450	852	1133	9.7e-21	99.0
NC_038420.1	YP_009094324.1_128_kDa_replicase_[Hibiscus_latent_Fort_Pierce_virus]	29.0	310	186	10	5539	6450	852	1133	9.7e-21	99.0
NC_038420.1	YP_009094908.1_187_kDa_polymerase_[Hibiscus_latent_Fort_Pierce_virus]	29.0	310	186	10	5539	6450	852	1133	9.7e-21	99.0
NC_038420.1	AVA17444.1_RNA-dependent_RNA_polymerase_[Hibiscus_latent_Fort_Pierce_virus]	29.0	310	186	10	5539	6450	852	1133	9.7e-21	99.0
NC_038420.1	ALU84939.1_128kDa_replicase_[Hibiscus_latent_Fort_Pierce_virus]	29.0	310	186	10	5539	6450	852	1133	9.7e-21	99.0
NC_038420.1	ALU84940.1_188_kDa_polymerase_[Hibiscus_latent_Fort_Pierce_virus]	29.0	310	186	10	5539	6450	852	1133	9.7e-21	99.0
NC_038420.1	AYE91498.1_183_kDa_protein_[Tobacco_mild_green_mosaic_virus]	30.0	310	176	10	5548	6450	829	1106	1.8e-19	94.7
NC_038420.1	AYE91499.1_126_kDa_protein_[Tobacco_mild_green_mosaic_virus]	30.0	310	176	10	5548	6450	829	1106	1.8e-19	94.7
NC_040389.1	YP_002455905.1_replicase_[Cactus_mild_mottle_virus]	28.7	390	266	8	955	2097	1205	1591	7.2e-35	143.7
NC_040389.1	ABX57121.1_58_kDa_protein,_partial_[Cactus_mild_mottle_virus]	28.7	390	266	8	955	2097	62	448	7.2e-35	143.7
NC_040389.1	QRV07326.1_polymerase_[Hibiscus_latent_Fort_Pierce_virus]	27.5	338	226	7	1069	2034	1242	1576	3.7e-31	131.3
NC_040389.1	ALU84940.1_188_kDa_polymerase_[Hibiscus_latent_Fort_Pierce_virus]	27.5	338	226	7	1069	2034	1242	1576	3.7e-31	131.3
NC_040389.1	QZL11035.1_186_kDa_polymerase_[Hibiscus_latent_Fort_Pierce_virus]	27.5	338	226	7	1069	2034	1242	1576	4.9e-31	131.0
NC_040389.1	QWX21611.1_RNA-dependent_RNA_polymerase_[Hibiscus_latent_Fort_Pierce_virus]	27.5	338	226	7	1069	2034	1242	1576	4.9e-31	131.0
NC_040389.1	YP_009094908.1_187_kDa_polymerase_[Hibiscus_latent_Fort_Pierce_virus]	27.5	338	226	7	1069	2034	1242	1576	4.9e-31	131.0
NC_040389.1	AVA17445.1_replicase_[Hibiscus_latent_Fort_Pierce_virus]	27.5	338	226	7	1069	2034	81	415	4.9e-31	131.0
NC_040389.1	QNG71015.1_185_kDa_replication_protein,_partial_[Rattail_cactus_necrosis-associated_virus]	28.0	382	248	8	940	2034	1116	1487	2.7e-29	125.2
NC_040389.1	YP_004936166.1_185_kDa_protein_[Rattail_cactus_necrosis-associated_virus]	27.8	428	275	10	940	2154	1204	1620	2.7e-29	125.2
NC_040389.1	ATU47241.1_RdRp_protein_[Rattail_cactus_necrosis-associated_virus]	28.0	432	269	12	940	2154	1204	1620	2.7e-29	125.2
NC_040389.1	ANH10865.1_RdRp_polymerase_[Rattail_cactus_necrosis-associated_virus]	28.0	432	269	12	940	2154	1204	1620	2.7e-29	125.2
NC_040389.1	ATU47245.1_RdRp_protein_[Rattail_cactus_necrosis-associated_virus]	27.5	385	244	9	943	2034	1205	1575	1.0e-28	123.2
NC_040389.1	QED42965.1_putative_RdRp_[Leucocoprinus_tobamovirus_A]	23.6	297	204	7	1306	2136	1903	2196	2.3e-17	85.5
NC_040389.1	QBA69850.1_RNA-dependent_RNA_polymerase,_partial_[Rattail_cactus_necrosis-associated_virus]	40.0	80	48	0	1549	1788	52	131	1.7e-12	69.3
NC_040392.1	BCG11494.1_186_kDa_replicase_[Sunn-hemp_mosaic_virus]	29.0	424	268	12	701	1918	1155	1563	5.8e-40	160.6
NC_040392.1	P89202.2_Replicase_large_subunit_[Sunn-hemp_mosaic_virus]	29.0	424	268	12	701	1918	1155	1563	1.7e-39	159.1
NC_040392.1	QWT83704.1_RNA-dependent_RNA_polymerase_[Sunn-hemp_mosaic_virus]	29.2	425	266	13	701	1918	1155	1563	3.8e-39	157.9
NC_040392.1	QXO33012.1_297.9_kDa_replicase_[Rubber_tree_latent_virus_1]	28.3	470	315	9	707	2074	2113	2574	2.7e-37	151.8
NC_040392.1	YP_004956727.1_replicase_readthrough_component_[Clitoria_yellow_mottle_virus]	27.8	446	289	11	701	1981	1158	1589	3.9e-36	147.9
NC_040392.1	YP_004465358.1_184_kDa_protein_[Passion_fruit_mosaic_virus]	28.0	446	289	13	707	1972	1128	1565	4.3e-35	144.4
NC_040392.1	AEI29173.1_putative_RNA_replicase,_partial_[Passion_fruit_mosaic_virus-TGP]	28.0	446	289	13	707	1972	1117	1554	7.4e-35	143.7
NC_040392.1	YP_950422.1_55_kDa_replicase_[Maracuja_mosaic_virus]	28.9	425	266	13	776	1972	20	434	1.5e-32	136.0
NC_040636.1	QSM07164.1_RNA-dependent_RNA_polymerase_[Cucumber_fruit_mottle_mosaic_virus]	26.8	969	514	25	4570	7446	881	1664	8.9e-72	268.1
NC_040636.1	QBL54228.1_RNA-dependent_RNA_polymerase_[Watermelon_green_mottle_mosaic_virus]	26.4	958	505	23	4492	7323	852	1623	2.6e-71	266.5
NC_040636.1	YP_908760.1_188_kDa_replicase_[Cucumber_mottle_virus]	26.1	960	505	24	4492	7323	852	1623	2.6e-71	266.5
NC_040636.1	QPB71861.1_RNA-dependent_RNA_polymerase_[Watermelon_green_mottle_mosaic_virus]	26.1	957	509	21	4492	7323	852	1623	3.4e-71	266.2
NC_040636.1	AYP67493.1_189_kDa_replicase_[Watermelon_green_mottle_mosaic_virus]	26.2	958	507	23	4492	7323	852	1623	4.4e-71	265.8
NC_040636.1	AID67335.1_186K_protein_[Cucumber_green_mottle_mosaic_virus]	26.0	951	492	22	4537	7323	840	1600	4.4e-71	265.8
NC_040636.1	AGR03822.1_RNA_replicase_[Cucumber_green_mottle_mosaic_virus]	26.4	951	489	24	4537	7323	840	1601	5.7e-71	265.4
NC_040636.1	AYN80491.1_186K_protein_[Cucumber_green_mottle_mosaic_virus]	25.8	944	503	21	4537	7323	840	1601	7.5e-71	265.0
NC_040636.1	AYN80363.1_186K_protein_[Cucumber_green_mottle_mosaic_virus]	26.1	948	496	22	4537	7323	840	1601	7.5e-71	265.0
NC_040636.1	APL96944.1_186K_protein_[Cucumber_green_mottle_mosaic_virus]	27.0	952	482	24	4537	7323	840	1601	7.5e-71	265.0
NC_040636.1	APL96948.1_186K_protein_[Cucumber_green_mottle_mosaic_virus]	27.0	952	482	24	4537	7323	840	1601	7.5e-71	265.0
NC_040636.1	APL96952.1_186K_protein_[Cucumber_green_mottle_mosaic_virus]	27.0	952	482	24	4537	7323	840	1601	7.5e-71	265.0
NC_040636.1	ANA53164.1_186k_RNA_replicase_[Cucumber_green_mottle_mosaic_virus]	27.0	952	482	24	4537	7323	840	1601	7.5e-71	265.0
NC_040636.1	AGR03826.1_RNA_replicase_[Cucumber_green_mottle_mosaic_virus]	26.1	947	497	23	4537	7323	840	1601	7.5e-71	265.0
NC_040636.1	AAM02966.1_RNA_replicase_[Cucumber_green_mottle_mosaic_virus]	27.0	952	482	24	4537	7323	840	1601	7.5e-71	265.0
NC_040636.1	ACN49127.1_RNA_replicase_[Cucumber_green_mottle_mosaic_virus]	26.0	944	502	20	4537	7323	840	1601	9.8e-71	264.6
NC_040636.1	AGR03818.1_RNA_replicase_[Cucumber_green_mottle_mosaic_virus]	26.3	951	490	24	4537	7323	840	1601	1.7e-70	263.8
NC_040636.1	AEV40683.1_replicase_large_component_[Cucumber_fruit_mottle_mosaic_virus]	26.6	967	519	23	4570	7446	881	1664	1.7e-70	263.8
NC_040636.1	NP_044577.1_186K_protein_[Cucumber_green_mottle_mosaic_virus]	26.3	951	490	24	4537	7323	840	1601	2.2e-70	263.5
NC_040636.1	QLF99875.1_186_kDa_protein_[Cucumber_green_mottle_mosaic_virus]	26.3	951	490	24	4537	7323	840	1601	2.2e-70	263.5
NC_040797.1	QXO33012.1_297.9_kDa_replicase_[Rubber_tree_latent_virus_1]	41.0	139	77	3	2169	2570	1374	1512	2.1e-22	103.6
NC_040797.1	QED42965.1_putative_RdRp_[Leucocoprinus_tobamovirus_A]	26.2	210	132	6	4812	5372	1941	2150	7.5e-12	68.6
NC_043106.1	QXO33012.1_297.9_kDa_replicase_[Rubber_tree_latent_virus_1]	29.3	427	282	9	2138	3388	2169	2585	3.8e-44	176.4
NC_043106.1	YP_004956727.1_replicase_readthrough_component_[Clitoria_yellow_mottle_virus]	27.5	429	286	12	2135	3388	1216	1630	1.9e-35	147.5
NC_043106.1	YP_004956727.1_replicase_readthrough_component_[Clitoria_yellow_mottle_virus]	30.9	298	163	12	928	1800	844	1105	1.0e-17	88.6
NC_043106.1	QWT83704.1_RNA-dependent_RNA_polymerase_[Sunn-hemp_mosaic_virus]	26.4	432	273	13	2156	3388	1219	1626	2.4e-30	130.6
NC_043106.1	QWT83704.1_RNA-dependent_RNA_polymerase_[Sunn-hemp_mosaic_virus]	28.8	365	212	14	937	2004	844	1169	1.2e-21	101.7
NC_043106.1	BCG11494.1_186_kDa_replicase_[Sunn-hemp_mosaic_virus]	26.4	432	273	13	2156	3388	1219	1626	6.9e-30	129.0
NC_043106.1	BCG11494.1_186_kDa_replicase_[Sunn-hemp_mosaic_virus]	28.8	365	212	14	937	2004	844	1169	1.2e-21	101.7
NC_043106.1	P89202.2_Replicase_large_subunit_[Sunn-hemp_mosaic_virus]	26.4	432	273	13	2156	3388	1219	1626	1.5e-29	127.9
NC_043106.1	P89202.2_Replicase_large_subunit_[Sunn-hemp_mosaic_virus]	28.8	365	212	14	937	2004	844	1169	2.0e-21	100.9
NC_043106.1	QOE55599.1_RNA-dependent_RNA_polymerase_[Macrophomina_phaseolina_tobamo-like_virus_1a-A]	24.1	432	307	10	2138	3388	36	461	7.2e-27	119.0
NC_043106.1	QOE55598.1_RNA-dependent_RNA_polymerase_[Macrophomina_phaseolina_tobamo-like_virus_2]	28.5	389	245	14	2132	3238	702	1077	5.1e-25	112.8
NC_043106.1	AEW67306.2_replicase_large_protein_[Frangipani_mosaic_virus]	28.9	395	216	18	907	2037	851	1198	9.1e-22	102.1
NC_043106.1	YP_003915153.1_187_kDa_polymerase_[Frangipani_mosaic_virus]	29.2	390	221	17	907	2037	851	1198	2.0e-21	100.9
NC_043106.1	QWT83705.1_replication-associated_protein_[Sunn-hemp_mosaic_virus]	31.1	315	175	12	937	1860	844	1123	5.9e-21	99.4
NC_043106.1	BCG11495.1_129_kDa_replicase_[Sunn-hemp_mosaic_virus]	31.1	315	175	12	937	1860	844	1123	5.9e-21	99.4
NC_043106.1	YP_009665958.1_129_kDa_[Sunn-hemp_mosaic_virus]	31.1	315	175	12	937	1860	844	1123	5.9e-21	99.4
NC_043106.1	YP_003915154.1_129_kDa_replicase_[Frangipani_mosaic_virus]	30.5	315	172	12	907	1830	851	1125	7.7e-21	99.0
NC_043106.1	AEW67307.2_replicase_[Frangipani_mosaic_virus]	30.0	320	167	13	907	1830	851	1125	1.0e-20	98.6
NC_043106.1	YP_004956728.1_replicase_[Clitoria_yellow_mottle_virus]	30.9	298	163	12	928	1800	844	1105	1.0e-17	88.6
NC_043106.1	YP_002455904.1_128_kDa_[Cactus_mild_mottle_virus]	28.1	260	150	9	931	1680	841	1073	4.5e-13	73.2
NC_043106.1	YP_002455905.1_replicase_[Cactus_mild_mottle_virus]	28.1	260	150	9	931	1680	841	1073	4.5e-13	73.2
NC_043417.1	QXO33012.1_297.9_kDa_replicase_[Rubber_tree_latent_virus_1]	35.2	284	175	6	1	834	2305	2585	3.9e-38	155.2
NC_043417.1	YP_950422.1_55_kDa_replicase_[Maracuja_mosaic_virus]	33.8	213	134	5	1	624	200	410	3.2e-24	109.0
NC_043417.1	QWT83704.1_RNA-dependent_RNA_polymerase_[Sunn-hemp_mosaic_virus]	29.7	293	181	9	1	843	1350	1629	2.7e-23	105.9
NC_043417.1	BCG11494.1_186_kDa_replicase_[Sunn-hemp_mosaic_virus]	29.7	293	181	9	1	843	1350	1629	2.7e-23	105.9
NC_043417.1	AEI29173.1_putative_RNA_replicase,_partial_[Passion_fruit_mosaic_virus-TGP]	33.8	213	134	5	1	624	1320	1530	2.7e-23	105.9
NC_043417.1	YP_002455905.1_replicase_[Cactus_mild_mottle_virus]	33.6	211	136	3	1	624	1358	1567	4.7e-23	105.1
NC_043417.1	ABX57121.1_58_kDa_protein,_partial_[Cactus_mild_mottle_virus]	33.6	211	136	3	1	624	215	424	4.7e-23	105.1
NC_043417.1	YP_004956727.1_replicase_readthrough_component_[Clitoria_yellow_mottle_virus]	32.7	211	137	3	1	624	1354	1562	6.1e-23	104.8
NC_043417.1	P89202.2_Replicase_large_subunit_[Sunn-hemp_mosaic_virus]	29.4	293	182	9	1	843	1350	1629	1.0e-22	104.0
NC_043417.1	YP_004465358.1_184_kDa_protein_[Passion_fruit_mosaic_virus]	33.3	213	135	5	1	624	1331	1541	1.0e-22	104.0
NC_043417.1	YP_004936166.1_185_kDa_protein_[Rattail_cactus_necrosis-associated_virus]	33.1	254	163	5	1	750	1362	1612	1.0e-22	104.0
NC_043417.1	QNG71015.1_185_kDa_replication_protein,_partial_[Rattail_cactus_necrosis-associated_virus]	34.1	217	138	4	1	639	1274	1489	6.8e-22	101.3
NC_043417.1	ATU47241.1_RdRp_protein_[Rattail_cactus_necrosis-associated_virus]	34.1	217	138	4	1	639	1362	1577	6.8e-22	101.3
NC_043417.1	ANH10865.1_RdRp_polymerase_[Rattail_cactus_necrosis-associated_virus]	34.1	217	138	4	1	639	1362	1577	6.8e-22	101.3
NC_043417.1	ATU47245.1_RdRp_protein_[Rattail_cactus_necrosis-associated_virus]	34.1	217	138	4	1	639	1362	1577	8.8e-22	100.9
NC_043417.1	QBA69850.1_RNA-dependent_RNA_polymerase,_partial_[Rattail_cactus_necrosis-associated_virus]	31.8	132	88	2	1	393	1	131	2.7e-10	62.8
NC_055462.1	YP_008802584.1_183k_replicase_[Yellow_tailflower_mild_mottle_virus]	21.3	366	262	13	14571	15650	1238	1583	3.2e-10	64.3
NC_055462.1	AIX94570.1_replicase_[Yellow_tailflower_mild_mottle_virus]	21.6	366	261	13	14571	15650	1238	1583	3.2e-10	64.3
NC_055462.1	ABH10605.1_183_kDa_protein_[Tobacco_mild_green_mosaic_virus]	23.7	257	176	8	14880	15620	1320	1566	2.7e-09	61.2
NC_055462.1	NP_062913.2_183_kDa_protein_[Tobacco_mild_green_mosaic_virus]	24.1	253	173	7	14880	15611	1320	1562	3.5e-09	60.8
NC_055462.1	UEP55481.1_p183_[Tobacco_mild_green_mosaic_virus]	23.7	257	176	8	14880	15620	1320	1566	5.9e-09	60.1
NC_055462.1	UEP55449.1_p183_[Tobacco_mild_green_mosaic_virus]	23.7	257	176	8	14880	15620	1320	1566	5.9e-09	60.1
NC_055462.1	UEP55445.1_p183_[Tobacco_mild_green_mosaic_virus]	23.7	257	176	8	14880	15620	1320	1566	5.9e-09	60.1
NC_055462.1	UEP55453.1_p183_[Tobacco_mild_green_mosaic_virus]	23.7	257	176	8	14880	15620	1320	1566	5.9e-09	60.1
NC_055462.1	UEP55477.1_p183_[Tobacco_mild_green_mosaic_virus]	23.7	257	176	8	14880	15620	1320	1566	5.9e-09	60.1
NC_055462.1	BAB83986.1_183kDa_protein_[Tobacco_mild_green_mosaic_virus]	23.7	257	176	8	14880	15620	1320	1566	5.9e-09	60.1
NC_055462.1	UEP55457.1_p183_[Tobacco_mild_green_mosaic_virus]	23.7	257	176	8	14880	15620	1320	1566	7.8e-09	59.7
NC_055462.1	UEP55469.1_p183_[Tobacco_mild_green_mosaic_virus]	23.7	257	176	8	14880	15620	1320	1566	7.8e-09	59.7
NC_055462.1	UEP55461.1_p183_[Tobacco_mild_green_mosaic_virus]	23.7	257	176	8	14880	15620	1320	1566	7.8e-09	59.7
NC_055462.1	UEP55465.1_p183_[Tobacco_mild_green_mosaic_virus]	23.7	257	176	8	14880	15620	1320	1566	7.8e-09	59.7
NC_055462.1	UEP55473.1_p183_[Tobacco_mild_green_mosaic_virus]	23.7	257	176	8	14880	15620	1320	1566	7.8e-09	59.7
NC_055462.1	QYA72116.1_RNA-dependent_RNA_polymerase_[Tobacco_mild_green_mosaic_virus]	23.7	257	176	8	14880	15620	1320	1566	7.8e-09	59.7
NC_055462.1	QOW17528.1_p183_kDa_protein_[Tobacco_mild_green_mosaic_virus]	23.7	257	176	8	14880	15620	1320	1566	7.8e-09	59.7
NC_055462.1	QIM41095.1_183kDa_protein_[Tobacco_mild_green_mosaic_virus]	23.7	257	176	8	14880	15620	1320	1566	7.8e-09	59.7
NC_055462.1	QIM41099.1_183kDa_protein_[Tobacco_mild_green_mosaic_virus]	23.7	257	176	8	14880	15620	1320	1566	7.8e-09	59.7
NC_055462.1	QDO67152.1_183_kDa_polyprotein_[Tobacco_mild_green_mosaic_virus]	23.7	257	176	8	14880	15620	1320	1566	7.8e-09	59.7
NC_055584.1	QTT61803.1_replication-associated_protein_[Opuntia_virus_2]	63.2	348	116	3	2785	1751	7	345	4.6e-133	469.9
NC_055584.1	QTT61818.1_replication-associated_protein_[Opuntia_virus_2]	63.2	348	116	3	2785	1751	7	345	4.6e-133	469.9
NC_055584.1	QTT61683.1_replication-associated_protein_[Opuntia_virus_2]	62.4	348	119	3	2785	1751	7	345	2.3e-132	467.6
NC_055584.1	QTT61678.1_replication-associated_protein_[Opuntia_virus_2]	62.4	348	119	3	2785	1751	7	345	2.3e-132	467.6
NC_055584.1	QTT61673.1_replication-associated_protein_[Opuntia_virus_2]	62.4	348	119	3	2785	1751	7	345	3.0e-132	467.2
NC_055584.1	QTT61693.1_replication-associated_protein_[Opuntia_virus_2]	62.0	350	117	4	2785	1751	7	345	1.1e-131	465.3
NC_055584.1	QTT61878.1_replication-associated_protein_[Opuntia_virus_2]	61.8	348	121	3	2785	1751	7	345	4.3e-131	463.4
NC_055584.1	QTT61843.1_replication-associated_protein_[Opuntia_virus_2]	61.5	348	122	3	2785	1751	7	345	1.1e-129	458.8
NC_055584.1	QTT61758.1_replication-associated_protein_[Opuntia_virus_2]	62.1	348	120	3	2785	1751	6	344	1.2e-128	455.3
NC_055584.1	QTT61713.1_replication-associated_protein_[Opuntia_virus_2]	61.4	347	122	3	2782	1751	7	344	2.2e-127	451.1
NC_055584.1	QTT61733.1_replication-associated_protein_[Opuntia_virus_2]	61.4	347	122	3	2782	1751	7	344	2.2e-127	451.1
NC_055584.1	QTT61868.1_replication-associated_protein_[Opuntia_virus_2]	61.5	348	122	3	2785	1751	6	344	3.8e-127	450.3
NC_055584.1	QTT61783.1_replication-associated_protein_[Opuntia_virus_2]	61.4	347	122	3	2782	1751	7	344	3.8e-127	450.3
NC_055584.1	QTT61853.1_replication-associated_protein_[Opuntia_virus_2]	61.1	347	123	3	2782	1751	7	344	6.5e-127	449.5
NC_055584.1	QTT61828.1_replication-associated_protein_[Opuntia_virus_2]	61.2	348	123	3	2785	1751	6	344	8.4e-127	449.1
NC_055584.1	QTT61753.1_replication-associated_protein_[Opuntia_virus_2]	61.1	347	123	3	2782	1751	7	344	8.4e-127	449.1
NC_055584.1	QTT61778.1_replication-associated_protein_[Opuntia_virus_2]	61.1	347	123	3	2782	1751	7	344	8.4e-127	449.1
NC_055584.1	QTT61728.1_replication-associated_protein_[Opuntia_virus_2]	61.4	347	122	3	2782	1751	7	344	8.4e-127	449.1
NC_055584.1	QTT61863.1_replication-associated_protein_[Opuntia_virus_2]	61.1	347	123	3	2782	1751	7	344	1.1e-126	448.7
NC_055584.1	QTT61698.1_replication-associated_protein_[Opuntia_virus_2]	60.9	348	124	3	2785	1751	6	344	1.1e-126	448.7
NC_055599.1	QXO33012.1_297.9_kDa_replicase_[Rubber_tree_latent_virus_1]	27.2	430	293	10	7334	8590	2167	2587	5.5e-37	153.3
NC_055599.1	QXO33012.1_297.9_kDa_replicase_[Rubber_tree_latent_virus_1]	31.8	242	143	8	6289	6996	1825	2050	4.3e-21	100.5
NC_055599.1	QIJ70154.1_replicase_readthrough_component_[Ribgrass_mosaic_virus]	28.8	330	209	14	6121	7086	797	1108	4.0e-19	94.0
NC_055599.1	AEU04725.1_RNA_replicase_component_[Turnip_vein-clearing_virus]	28.6	325	204	14	6121	7074	797	1100	5.2e-19	93.6
NC_055599.1	AEU04720.1_RNA_replicase_component_[Turnip_vein-clearing_virus]	28.0	325	206	14	6121	7074	797	1100	5.2e-19	93.6
NC_055599.1	AEU04723.1_RNA_replicase_[Turnip_vein-clearing_virus]	28.0	325	206	14	6121	7074	797	1100	5.2e-19	93.6
NC_055599.1	AEU04724.1_RNA_replicase_[Turnip_vein-clearing_virus]	28.6	325	204	14	6121	7074	797	1100	5.2e-19	93.6
NC_055599.1	BAB82445.1_RNA_replicase_protein_[Wasabi_mottle_virus]	28.3	329	200	16	6121	7074	793	1096	6.8e-19	93.2
NC_055599.1	BAB82444.1_RNA_replicase_readthrough_protein_[Wasabi_mottle_virus]	28.3	329	200	16	6121	7074	793	1096	6.8e-19	93.2
NC_055599.1	QWT83772.1_replication-associated_protein_[Youcai_mosaic_virus]	28.7	327	201	16	6121	7074	793	1096	8.9e-19	92.8
NC_055599.1	QWT83771.1_RNA-dependent_RNA_polymerase_[Youcai_mosaic_virus]	28.7	327	201	16	6121	7074	793	1096	8.9e-19	92.8
NC_055599.1	QMU26257.1_replicase_[Youcai_mosaic_virus]	28.7	327	201	16	6121	7074	793	1096	8.9e-19	92.8
NC_055599.1	QIJ70155.1_RNA_replicase_component_[Ribgrass_mosaic_virus]	27.7	325	207	14	6121	7074	797	1100	8.9e-19	92.8
NC_055599.1	AZJ51174.1_nonstructural_protein,_partial_[Youcai_mosaic_virus]	28.5	326	203	15	6121	7074	756	1059	8.9e-19	92.8
NC_055599.1	YP_908760.1_188_kDa_replicase_[Cucumber_mottle_virus]	28.0	311	193	11	6184	7092	875	1162	8.9e-19	92.8
NC_055599.1	YP_908761.1_130_kDa_replicase_[Cucumber_mottle_virus]	28.0	311	193	11	6184	7092	875	1162	8.9e-19	92.8
NC_055599.1	AAP79445.1_RNA_replicase,_read-through_component_[Youcai_mosaic_virus]	28.7	327	201	16	6121	7074	793	1096	8.9e-19	92.8
NC_055599.1	AAP79444.1_RNA_replicase_componenet_[Youcai_mosaic_virus]	28.7	327	201	16	6121	7074	793	1096	8.9e-19	92.8
NC_055599.1	AAK53541.1_RNA_replicase_read-through_component_[Youcai_mosaic_virus]	28.7	327	201	16	6121	7074	793	1096	8.9e-19	92.8
NC_055599.1	AAK53540.1_RNA_replicase_component_[Youcai_mosaic_virus]	28.7	327	201	16	6121	7074	793	1096	8.9e-19	92.8
NC_055599.1	QPB71861.1_RNA-dependent_RNA_polymerase_[Watermelon_green_mottle_mosaic_virus]	27.5	313	194	10	6181	7092	874	1162	1.2e-18	92.4
