Label	Score	Group	Group2	Diff2	ABC	QL	Lo	Hi	PPL	Suff	PosA	SeqA	PosB	SeqB	PosC	SeqC
NODE_37416_length_670_cov_3.471545_ERR1356733_1	64.0	Martellivirales	Kitrino	+9.8	ABC	211	4	104	101	107	4	LELDISKYDKSQ	66	SGDVSTFIGNTVII	97	FCGDDSVI
NODE_7104_length_1501_cov_4.732365_ERR1356733_1	68.0	Martellivirales	Kitrino	+14.2	ABC	405	241	341	101	64	241	LELDISKYDKSQ	303	SGDVTTFIGNTVII	334	FCGDDSLL
NODE_18035_length_967_cov_1.584430_ERR1356733_1	71.8	Martellivirales	Kitrino	+16.9	ABC	280	77	177	101	103	77	LEADLSKFDKSQ	139	TGDAFTYFGNTLVT	170	FSGDDSLI
NODE_1266_length_3238_cov_2.636821_ERR1356733_2	68.0	Martellivirales	Kitrino	+13.8	ABC	469	240	340	101	129	240	LELDISKYDKSQ	302	SGDVTTFIGNTIII	333	FCGDDSIL
NODE_916_length_3714_cov_7.049740_ERR1356733_2	66.5	Martellivirales	Kitrino	+12.9	ABC	478	246	346	101	132	246	LELDVSKYDKSQ	308	SGDVTTFIGNTFII	339	FCGDDSLI
NODE_1325_length_4942_cov_5.310006_ERR3010915_5	68.0	Martellivirales	Kitrino	+11.9	ABC	467	239	339	101	128	239	LELDISKYDKSQ	301	SGDVTTFIGNTIII	332	FCGDDSVI
NODE_2847_length_3470_cov_9.514788_ERR3010915_2	65.5	Martellivirales	Kitrino	+10.7	ABC	468	239	339	101	129	239	LELDISKYDKSQ	301	SGDVSTFIGNTIII	332	FCGDDSLV
NODE_22613_length_1380_cov_1.836981_SRR10030315_1	65.6	Martellivirales	Kitrino	+11.1	ABC	246	4	104	101	142	4	LELDISKYDKSQ	66	SGDVTTFIGNTVIV	97	FCGDDSLV
NODE_6974_length_3327_cov_4.830462_SRR10143185_1	66.6	Martellivirales	Kitrino	+12.1	ABC	269	25	125	101	144	25	LEIDISKYDKSQ	87	SGDASTFFGNTLVL	118	FAGDDSII
NODE_10075_length_1985_cov_2.739896_SRR10030315_1	68.0	Martellivirales	Kitrino	+14.2	ABC	411	178	278	101	133	178	LELDISKYDKSQ	240	SGDVTTFIGNTVII	271	FCGDDSLL
NODE_9608_length_2629_cov_6.756270_SRR10143187_1	57.9	Martellivirales	Kitrino	+6.3	ABC	509	261	361	101	148	261	IEVDFSKYDKAQ	323	SGDASTFFGNTVVL	354	VAGDDSVI
NODE_23_length_6637_cov_8.452744_SRR10064025_2	65.6	Martellivirales	Kitrino	+13.5	ABC	1833	1600	1700	101	133	1600	LEIDFSKFDKSQ	1662	SGDSATAFGNTIIS	1693	FIGDDSLI
NODE_4811_length_4052_cov_5.863899_SRR10143187_2	56.7	Martellivirales	Kitrino	+4.8	ABC	1265	1019	1119	101	146	1019	VENDISKYDKSM	1081	SGDASTFLGNTIVN	1112	FAGDDHLL
NODE_121_length_6025_cov_6.529085_SRR10861970_3	62.9	Martellivirales	Kitrino	+11.4	ABC	492	254	354	101	138	254	VEIDFSKFDKSQ	316	SGDSATAFGNTLIS	347	FIGDDSLL
NODE_28410_length_715_cov_1.871212_SRR11613504_1	65.0	Martellivirales	Kitrino	+10.2	ABC	199	4	104	101	95	4	LELDISKYDKSQ	66	SGDVTTFIGNTVIV	97	FCGDDSVI
NODE_9835_length_2717_cov_4.322727_SRR10255703_1	71.4	Martellivirales	Kitrino	+17.7	ABC	759	415	515	101	244	415	LEIDLSKFDKSQ	477	TGDAFTYFGNTIVT	508	FSGDDSLG
NODE_17587_length_1928_cov_4.066451_SRR12681654_1	65.0	Martellivirales	Kitrino	+10.2	ABC	294	38	138	101	156	38	LELDISKYDKSQ	100	SGDVTTFIGNTVIV	131	FCGDDSVI
NODE_5166_length_1535_cov_295.375000_SRR11613515_1	70.0	Martellivirales	Kitrino	+17.8	ABC	365	242	342	101	23	242	GELDISKYDKSQ	304	TGTATTWFGNTLVN	335	FSGDDSIL
NODE_3054_length_1828_cov_3.599549_SRR11613515_1	65.0	Martellivirales	Kitrino	+10.2	ABC	260	4	104	101	156	4	LELDISKYDKSQ	66	SGDVTTFIGNTVIV	97	FCGDDSVI
NODE_820_length_7832_cov_28.015990_SRR10143187_1	66.6	Martellivirales	Kitrino	+12.1	ABC	2430	2186	2286	101	144	2186	LEIDISKYDKSQ	2248	SGDASTFFGNTLVL	2279	FAGDDSII
NODE_9391_length_2399_cov_2.087855_SRR12681654_1	39.5	PH5	Martellivirales	+3.6	ABC	744	486	586	101	158	486	FGSDLSKQDRQV	546	TGGPDTSIGNLITS	579	FLGDDNIN
NODE_10892_length_1136_cov_2.207216_SRR1276187_1	47.7	PH5	Martellivirales	+0.7	ABC	325	100	199	100	126	100	LELDSSKYDKSQ	161	SGAPDTMLGNSIYN	192	FKGDDNVL
NODE_2773_length_4038_cov_10.287974_SRR11393268_1	48.7	Martellivirales	PH5	+5.6	ABC	861	618	718	101	143	618	LEIDISKYDKSQ	680	SGDASTFCQNTRFL	711	FAGDDSWL
NODE_181_length_3496_cov_7.152864_SRR12904122_2	68.0	Martellivirales	Kitrino	+13.8	ABC	469	240	340	101	129	240	LELDISKYDKSQ	302	SGDVTTFIGNTIII	333	FCGDDSIL
NODE_890_length_4032_cov_4.295322_SRR12855025_1	65.6	Martellivirales	Kitrino	+13.5	ABC	978	745	845	101	133	745	LEIDFSKFDKSQ	807	SGDSATAFGNTIIS	838	FIGDDSLI
NODE_152_length_6750_cov_12.227484_SRR12855025_1	71.3	Tymovirales	Kitrino	+23.0	ABC	1649	1431	1525	95	124	1431	HENDFEAFDQSQ	1487	SGEGPTFDANTECS	1518	YAGDDSAC
NODE_335_length_2789_cov_3.250188_SRR12904122_2	66.5	Martellivirales	Kitrino	+12.9	ABC	501	269	369	101	132	269	LELDVSKYDKSQ	331	SGDVTTFIGNTFII	362	FCGDDSLI
NODE_226_length_3141_cov_62.288723_SRR1276187_1	35.8	PH5	Kitrino	+0.2	ABC	1011	788	887	100	124	788	LEVDAKKFDKSQ	849	SGASDTMFGNNTYT	880	TKGDDGVI
NODE_5647_length_2275_cov_1.320291_SRR1777513_1	66.4	Martellivirales	Kitrino	+11.3	ABC	492	264	364	101	128	264	YELDISKYDKSQ	326	SGDVTTFIGNTVII	357	FCGDDSIV
NODE_1675_length_2646_cov_21.004367_SRR13215577_7	59.3	Martellivirales	Kitrino	+8.9	ABC	548	259	359	101	189	259	LEADVSKFDKSQ	321	SGDILTFIGNTIIV	352	FAGDDSLI
NODE_17046_length_1381_cov_1.986963_SRR1777513_1	36.7	PH5	Martellivirales	+1.3	ABC	384	130	230	101	154	130	LEADLEKQDRQS	190	TGDPLTTKTNTLRN	223	FHGDDNLL
NODE_1429_length_1229_cov_177.624132_SRR1778741_1	65.8	Martellivirales	Kitrino	+12.5	ABC	353	244	344	101	9	244	LEVDISKYDKSQ	306	SGDAATFFGNTMVL	337	FAGDDSLI
NODE_552_length_1643_cov_205.173691_SRR1778741_2	65.8	Martellivirales	Kitrino	+12.5	ABC	467	244	344	101	123	244	LEVDISKYDKSQ	306	SGDAATFFGNTMVL	337	FAGDDSLI
NODE_8333_length_996_cov_1.980413_SRR1778742_1	65.8	Martellivirales	Kitrino	+12.5	ABC	295	90	190	101	105	90	LEVDISKYDKSQ	152	SGDAATFFGNTMVL	183	FAGDDSLI
NODE_553_length_1643_cov_108.355045_SRR1778741_1	65.8	Martellivirales	Kitrino	+12.5	ABC	467	244	344	101	123	244	LEVDISKYDKSQ	306	SGDAATFFGNTMVL	337	FAGDDSLI
NODE_14749_length_685_cov_2.733553_SRR1778742_1	65.8	Martellivirales	Kitrino	+12.5	ABC	210	42	142	101	68	42	LEVDISKYDKSQ	104	SGDAATFFGNTMVL	135	FAGDDSLI
NODE_1697_length_1865_cov_2.125280_SRR1778742_2	65.8	Martellivirales	Kitrino	+12.5	ABC	514	270	370	101	144	270	LEVDISKYDKSQ	332	SGDAATFFGNTMVL	363	FAGDDSLI
NODE_25744_length_1126_cov_1.846520_SRR1777513_1	64.8	Martellivirales	PH5	+11.5	ABC	354	115	215	101	139	115	LENDLSKYDKSQ	177	SGDATTAFGNVLLN	208	FMGDDSLI
NODE_16601_length_826_cov_3.053178_SRR1778782_2	65.8	Martellivirales	Kitrino	+12.5	ABC	244	42	142	101	102	42	LEVDISKYDKSQ	104	SGDAATFFGNTMVL	135	FAGDDSLI
NODE_8972_length_1179_cov_4.742883_SRR1778782_1	65.8	Martellivirales	Kitrino	+12.5	ABC	367	148	248	101	119	148	LEVDISKYDKSQ	210	SGDAATFFGNTMVL	241	FAGDDSLI
NODE_3608_length_1682_cov_2.936079_SRR1778782_1	65.8	Martellivirales	Kitrino	+12.5	ABC	481	244	344	101	137	244	LEVDISKYDKSQ	306	SGDAATFFGNTMVL	337	FAGDDSLI
NODE_18363_length_834_cov_2.643132_SRR1778783_2	65.8	Martellivirales	Kitrino	+12.5	ABC	272	75	175	101	97	75	LEVDISKYDKSQ	137	SGDAATFFGNTMVL	168	FAGDDSLI
NODE_7249_length_1433_cov_3.153846_SRR1778783_1	65.8	Martellivirales	Kitrino	+12.5	ABC	460	244	344	101	116	244	LEVDISKYDKSQ	306	SGDAATFFGNTMVL	337	FAGDDSLI
NODE_769_length_1207_cov_80.491319_SRR1778784_1	18.3	Tymovirales	.	+0.0	CAB	343	201	319	119	24	244	LEVDISKYDKSQ	306	SGDAATFFGNTMVL	201	VAMDRMLS
NODE_2158_length_792_cov_87.880597_SRR1778784_1	65.8	Martellivirales	Kitrino	+12.5	ABC	245	90	190	101	55	90	LEVDISKYDKSQ	152	SGDAATFFGNTMVL	183	FAGDDSLI
NODE_2374_length_759_cov_74.265625_SRR1778784_1	65.8	Martellivirales	Kitrino	+12.5	ABC	239	90	190	101	49	90	LEVDISKYDKSQ	152	SGDAATFFGNTMVL	183	FAGDDSLI
NODE_492_length_1392_cov_121.002244_SRR1778784_1	65.8	Martellivirales	Kitrino	+12.5	ABC	449	244	344	101	105	244	LEVDISKYDKSQ	306	SGDAATFFGNTMVL	337	FAGDDSLI
NODE_19809_length_905_cov_3.705882_SRR1778785_1	65.8	Martellivirales	Kitrino	+12.5	ABC	283	90	190	101	93	90	LEVDISKYDKSQ	152	SGDAATFFGNTMVL	183	FAGDDSLI
NODE_18764_length_948_cov_8.136618_SRR1778785_1	65.8	Martellivirales	Kitrino	+12.5	ABC	297	90	190	101	107	90	LEVDISKYDKSQ	152	SGDAATFFGNTMVL	183	FAGDDSLI
NODE_221_length_1727_cov_140.629187_SRR1778784_1	65.8	Martellivirales	Kitrino	+12.5	ABC	334	90	190	101	144	90	LEVDISKYDKSQ	152	SGDAATFFGNTMVL	183	FAGDDSLI
NODE_8999_length_1578_cov_4.350624_SRR1778785_2	65.8	Martellivirales	Kitrino	+12.5	ABC	467	244	344	101	123	244	LEVDISKYDKSQ	306	SGDAATFFGNTMVL	337	FAGDDSLI
NODE_9112_length_1566_cov_11.048974_SRR1778785_1	65.8	Martellivirales	Kitrino	+12.5	ABC	463	244	344	101	119	244	LEVDISKYDKSQ	306	SGDAATFFGNTMVL	337	FAGDDSLI
NODE_3550_length_2561_cov_10.754831_SRR1781945_1	67.2	Martellivirales	Kitrino	+13.9	ABC	311	82	182	101	129	82	LELDISKYDKSQ	144	SGDVTTFIGNTVII	175	FCGDDSIL
NODE_769_length_4549_cov_5.440295_SRR1781945_4	67.3	Martellivirales	Kitrino	+12.3	ABC	322	174	274	101	48	174	LELDISKYDKSQ	236	SGDVTTFIGNTLII	267	FCGDDSIV
NODE_12036_length_1567_cov_2.771812_SRR1781945_1	67.3	Martellivirales	Kitrino	+12.3	ABC	438	174	274	101	164	174	LELDISKYDKSQ	236	SGDVTTFIGNTLII	267	FCGDDSIV
NODE_67422_length_708_cov_0.973059_SRR1781945_1	64.3	Martellivirales	Kitrino	+14.5	ABC	231	116	218	103	13	116	KEVDFSKFDKSQ	178	NGDANTYLGNTLVT	211	ATGDDSLI
NODE_469_length_3964_cov_4.766915_SRR1782579_3	67.2	Martellivirales	Kitrino	+13.9	ABC	469	240	340	101	129	240	LELDISKYDKSQ	302	SGDVTTFIGNTVII	333	FCGDDSIL
NODE_45132_length_647_cov_1.068421_SRR1782579_1	65.6	Martellivirales	Kitrino	+11.8	ABC	150	4	104	101	46	4	VELDVSKYDKSQ	66	SGDVTTFIGNTFII	97	FCGDDSLI
NODE_314_length_4508_cov_61.286391_SRR1782579_5	67.3	Martellivirales	Kitrino	+12.3	ABC	506	174	274	101	232	174	LELDISKYDKSQ	236	SGDVTTFIGNTLII	267	FCGDDSIV
NODE_9883_length_1244_cov_0.772922_SRR1782579_1	73.1	Martellivirales	Kitrino	+16.7	ABC	395	154	256	103	139	154	KEVDFSKFDKSQ	216	TGDANTYLGNTLVT	249	ASGDDSLI
NODE_5581_length_1353_cov_1.107367_SRR1782604_1	67.3	Martellivirales	Kitrino	+12.3	ABC	240	107	207	101	33	107	LELDISKYDKSQ	169	SGDVTTFIGNTLII	200	FCGDDSIV
NODE_18697_length_845_cov_0.726562_SRR1782604_1	65.6	Martellivirales	Kitrino	+11.8	ABC	240	4	104	101	136	4	VELDVSKYDKSQ	66	SGDVTTFIGNTFII	97	FCGDDSLI
NODE_10151_length_1078_cov_2.825175_SRR1782604_2	65.7	Martellivirales	PH5	+11.0	ABC	346	107	207	101	139	107	LENDFSKYDKSQ	169	SGDATTAFGNVLLN	200	FMGDDSLI
NODE_715_length_2832_cov_33.205082_SRR1782604_1	67.3	Martellivirales	Kitrino	+12.3	ABC	509	177	277	101	232	177	LELDISKYDKSQ	239	SGDVTTFIGNTLII	270	FCGDDSIV
NODE_423_length_2392_cov_1.083801_SRR1785209_2	67.3	Martellivirales	Kitrino	+12.3	ABC	276	174	274	101	2	174	LELDISKYDKSQ	236	SGDVTTFIGNTLII	267	FCGDDSIV
NODE_536_length_3035_cov_17.189993_SRR1785207_2	67.3	Martellivirales	Kitrino	+12.3	ABC	517	185	285	101	232	185	LELDISKYDKSQ	247	SGDVTTFIGNTLII	278	FCGDDSIV
NODE_1686_length_3834_cov_40.916689_SRR1785350_2	67.3	Martellivirales	Kitrino	+12.3	ABC	506	174	274	101	232	174	LELDISKYDKSQ	236	SGDVTTFIGNTLII	267	FCGDDSIV
NODE_2051_length_3560_cov_5.118289_SRR1785350_2	67.2	Martellivirales	Kitrino	+13.9	ABC	469	240	340	101	129	240	LELDISKYDKSQ	302	SGDVTTFIGNTVII	333	FCGDDSIL
NODE_34453_length_1159_cov_0.973198_SRR1785350_1	65.6	Martellivirales	Kitrino	+11.8	ABC	236	4	104	101	132	4	VELDVSKYDKSQ	66	SGDVTTFIGNTFII	97	FCGDDSLI
NODE_2929_length_2368_cov_3.952443_SRR2006803_1	67.8	Martellivirales	Kitrino	+14.9	ABC	737	618	718	101	19	618	LEIDISKYDKSQ	680	SGNASTYLGNTVVL	711	FSGDDSLI
NODE_49_length_6528_cov_15.603121_SRR2086713_2	65.8	Martellivirales	Kitrino	+14.2	ABC	796	530	630	101	166	530	LEVDFSKFDKSQ	592	SGDSATAFGNTLIT	623	FVGDDSLI
NODE_489_length_4001_cov_9.803345_SRR2086716_1	65.8	Martellivirales	Kitrino	+14.2	ABC	1010	744	844	101	166	744	LEVDFSKFDKSQ	806	SGDSATAFGNTLIT	837	FVGDDSLI
NODE_5591_length_2813_cov_4.461929_SRR3193092_1	51.1	Martellivirales	Kitrino	+2.0	ABC	418	172	272	101	146	172	LEVDMSKYDKSQ	234	SGDASTFTMNTFYL	265	FSGDDSII
NODE_313_length_4960_cov_5.742508_SRR2086712_1	65.8	Martellivirales	Kitrino	+14.2	ABC	1345	1079	1179	101	166	1079	LEVDFSKFDKSQ	1141	SGDSATAFGNTLIT	1172	FVGDDSLI
NODE_4026_length_3948_cov_4.212176_SRR3624128_2	65.8	Martellivirales	Kitrino	+11.4	ABC	494	263	363	101	131	263	LELDISKYDKSQ	325	SGDVTTFIGNTVII	356	FCGDDSVL
NODE_67416_length_1127_cov_1.616604_SRR3624128_1	40.9	PH5	Martellivirales	+2.6	ABC	375	224	324	101	51	224	LENDLSRQDRQT	284	TGQCTTAVGNWLVQ	317	MLGDDHLS
NODE_836_length_7143_cov_21.835073_SRR3624128_8	58.4	Martellivirales	PH5	+4.5	ABC	515	277	377	101	138	277	LENDFSKFDKSQ	339	SGEATTLLGNTIVQ	370	FVGDDSAI
NODE_7773_length_953_cov_1580.687651_SRR4242136_1	66.5	Martellivirales	Kitrino	+13.7	ABC	254	82	182	101	72	82	LELDVSKYDKSQ	144	SGDVTTFIGNTVII	175	FCGDDSLL
NODE_535_length_5799_cov_52.077574_SRR4242136_3	66.5	Martellivirales	Kitrino	+12.9	ABC	501	269	369	101	132	269	LELDVSKYDKSQ	331	SGDVTTFIGNTFII	362	FCGDDSLI
NODE_278_length_4826_cov_1224.271215_SRR4435986_1	61.4	Martellivirales	Nidovirales	+8.7	ABC	1065	823	922	100	143	823	LEIDIGKYDKSQ	885	SGDASTFFGNTIVL	915	FSGDDSVL
NODE_216_length_6091_cov_154.402727_SRR4435988_1	61.4	Martellivirales	Nidovirales	+8.7	ABC	1065	823	922	100	143	823	LEIDIGKYDKSQ	885	SGDASTFFGNTIVL	915	FSGDDSVL
NODE_75_length_6147_cov_733.997199_SRR4435991_1	61.4	Martellivirales	Nidovirales	+8.7	ABC	1065	823	922	100	143	823	LEIDIGKYDKSQ	885	SGDASTFFGNTIVL	915	FSGDDSVL
NODE_327_length_4755_cov_481.633818_SRR4435989_1	61.4	Martellivirales	Nidovirales	+8.7	ABC	1065	823	922	100	143	823	LEIDIGKYDKSQ	885	SGDASTFFGNTIVL	915	FSGDDSVL
NODE_24086_length_636_cov_1.887299_SRR5150722_1	62.6	Martellivirales	Kitrino	+12.7	ABC	195	44	144	101	51	44	LEIDVSKYDKSQ	106	SGDSATFFGNTIVL	137	YSGDDSLL
NODE_6590_length_1491_cov_2.602368_SRR5892088_3	71.3	Tymovirales	Kitrino	+23.0	ABC	465	290	384	95	81	290	HENDFEAFDQSQ	346	SGEGPTFDANTECS	377	YAGDDSAC
NODE_6364_length_1522_cov_2.003408_SRR5892088_1	56.2	Martellivirales	Kitrino	+1.5	ABC	491	382	480	99	11	382	LEVDISKYDKSQ	444	SGDPWTYAGNTFYL	473	FSGDDSLI
NODE_144_length_1806_cov_30.942319_SRR6038364_2	67.2	Martellivirales	Kitrino	+13.9	ABC	368	240	340	101	28	240	LELDISKYDKSQ	302	SGDVTTFIGNTVII	333	FCGDDSIL
NODE_559_length_5462_cov_32.688394_SRR5186269_3	61.3	Martellivirales	Kitrino	+4.8	ABC	1354	1015	1137	123	217	1015	HEVDMSKYDKSQ	1077	SGDPMTFLGNTLIN	1130	YAGDDSLI
NODE_321_length_4220_cov_236.285474_SRR5892088_1	65.6	Martellivirales	Kitrino	+13.5	ABC	1051	818	918	101	133	818	LEIDFSKFDKSQ	880	SGDSATAFGNTIIS	911	FIGDDSLI
NODE_610_length_3777_cov_6.934865_SRR6973926_2	70.7	Martellivirales	Kitrino	+15.6	ABC	425	177	277	101	148	177	LEMDLSKYDKSQ	239	SGDVTTFIGNTIVN	270	FGGDDSLI
NODE_25366_length_1289_cov_2.156766_SRR7007216_2	36.2	PH5	Kitrino	+1.3	ABC	421	222	320	99	101	222	YNDDFIAFDGTQ	278	SGFKPTWVFNTLDN	313	FSGDDSNH
NODE_15872_length_1547_cov_1.932653_SRR7007216_1	37.9	PH5	PH15	+1.9	ABC	487	247	347	101	140	247	LENDFGKYDKSQ	309	SGGSATAYQNGSEN	340	FMGDDSLA
k141_83_flag=1_multi=17.0000_len=6273_SRR7288019_2	66.5	Martellivirales	Kitrino	+12.9	ABC	501	269	369	101	132	269	LELDVSKYDKSQ	331	SGDVTTFIGNTFII	362	FCGDDSLI
k141_112743_flag=1_multi=2.0000_len=612_SRR7288019_1	68.0	Martellivirales	Kitrino	+14.2	ABC	200	82	182	101	18	82	LELDISKYDKSQ	144	SGDVTTFIGNTVII	175	FCGDDSLL
NODE_46_length_7255_cov_4.852187_SRR6660821_5	62.8	Martellivirales	Kitrino	+12.0	ABC	1810	1574	1674	101	136	1574	LEVDFSKFDKSQ	1636	SGDSATAFGNTLIS	1667	FIGDDSLL
k141_144373_flag=1_multi=35.0000_len=5656_SRR7288019_2	68.0	Martellivirales	Kitrino	+13.8	ABC	469	240	340	101	129	240	LELDISKYDKSQ	302	SGDVTTFIGNTIII	333	FCGDDSIL
NODE_3224_length_2496_cov_5.112443_SRR7976660_1	70.7	Martellivirales	Kitrino	+15.6	ABC	425	177	277	101	148	177	LEMDLSKYDKSQ	239	SGDVTTFIGNTIVN	270	FGGDDSLI
NODE_46345_length_849_cov_2.742228_SRR7976667_1	60.0	Martellivirales	PH5	+13.1	ABC	204	101	201	101	3	101	AEDDLKKQDRQT	161	TGQATTALGNVIVN	194	VLGDDNLI
NODE_71_length_6076_cov_12.863977_SRR7976667_2	70.7	Martellivirales	Kitrino	+15.6	ABC	425	177	277	101	148	177	LEMDLSKYDKSQ	239	SGDVTTFIGNTIVN	270	FGGDDSLI
NODE_8_length_6734_cov_16.234317_SRR7516198_1	61.2	Martellivirales	PH5	+11.4	ABC	1874	1641	1741	101	133	1641	LEIDFSKFDKSQ	1703	SGDSATAFGNSLIS	1734	FVGDDSLI
NODE_867_length_5267_cov_11.128131_SRR8455902_2	69.7	Martellivirales	Kitrino	+13.8	ABC	502	255	355	101	147	255	YEMDLSKYDKSQ	317	SGDVTTFIGNTLVN	348	FGGDDSLI
NODE_419_length_5252_cov_10.065507_SRR8455904_2	69.7	Martellivirales	Kitrino	+13.8	ABC	502	255	355	101	147	255	YEMDLSKYDKSQ	317	SGDVTTFIGNTLVN	348	FGGDDSLI
NODE_33915_length_1182_cov_2.059729_SRR8455904_1	46.4	PH5	Kitrino	+3.1	ABC	268	131	231	101	37	131	GENDFSKYDKSQ	191	TGAQDTSAFNSTTN	224	FLGDDVVL
NODE_1022_length_5282_cov_35.105476_SRR8455903_2	69.7	Martellivirales	Kitrino	+13.8	ABC	502	255	355	101	147	255	YEMDLSKYDKSQ	317	SGDVTTFIGNTLVN	348	FGGDDSLI
NODE_1925_length_3885_cov_77.464811_SRR8455905_2	69.7	Martellivirales	Kitrino	+13.8	ABC	502	255	355	101	147	255	YEMDLSKYDKSQ	317	SGDVTTFIGNTLVN	348	FGGDDSLI
NODE_93_length_6589_cov_4.952549_SRR7976660_5	58.3	Martellivirales	PH5	+12.6	ABC	2165	1908	2008	101	157	1908	AEDDLKKQDRQT	1968	TGQATTALGNVVVN	2001	VLGDDNII
NODE_914_length_5302_cov_97.892632_SRR8455906_3	69.7	Martellivirales	Kitrino	+13.8	ABC	502	255	355	101	147	255	YEMDLSKYDKSQ	317	SGDVTTFIGNTLVN	348	FGGDDSLI
NODE_456_length_5167_cov_10.129077_SRR8455907_2	69.7	Martellivirales	Kitrino	+13.8	ABC	502	255	355	101	147	255	YEMDLSKYDKSQ	317	SGDVTTFIGNTLVN	348	FGGDDSLI
NODE_22907_length_1657_cov_72.493671_SRR8455908_1	69.7	Martellivirales	Kitrino	+13.8	ABC	336	89	189	101	147	89	YEMDLSKYDKSQ	151	SGDVTTFIGNTLVN	182	FGGDDSLI
NODE_23823_length_1505_cov_3.039216_SRR8455909_1	46.4	PH5	Kitrino	+3.1	ABC	496	359	459	101	37	359	GENDFSKYDKSQ	419	TGAQDTSAFNSTTN	452	FLGDDVVL
NODE_1499_length_5218_cov_11.485509_SRR8455909_2	69.7	Martellivirales	Kitrino	+13.8	ABC	502	255	355	101	147	255	YEMDLSKYDKSQ	317	SGDVTTFIGNTLVN	348	FGGDDSLI
NODE_232_length_5200_cov_31.422214_SRR8455910_3	69.7	Martellivirales	Kitrino	+13.8	ABC	502	255	355	101	147	255	YEMDLSKYDKSQ	317	SGDVTTFIGNTLVN	348	FGGDDSLI
NODE_366_length_5229_cov_8.771351_SRR8455912_2	69.7	Martellivirales	Kitrino	+13.8	ABC	502	255	355	101	147	255	YEMDLSKYDKSQ	317	SGDVTTFIGNTLVN	348	FGGDDSLI
NODE_384_length_5232_cov_10.187003_SRR8455913_2	69.7	Martellivirales	Kitrino	+13.8	ABC	502	255	355	101	147	255	YEMDLSKYDKSQ	317	SGDVTTFIGNTLVN	348	FGGDDSLI
NODE_379_length_5238_cov_30.154234_SRR8455911_4	69.7	Martellivirales	Kitrino	+13.8	ABC	502	255	355	101	147	255	YEMDLSKYDKSQ	317	SGDVTTFIGNTLVN	348	FGGDDSLI
NODE_1875_length_2765_cov_8.923363_SRR8554352_1	66.5	Martellivirales	Kitrino	+13.7	ABC	435	202	302	101	133	202	LELDVSKYDKSQ	264	SGDVTTFIGNTVII	295	FCGDDSLL
NODE_630_length_4507_cov_2.832280_SRR8554352_4	68.0	Martellivirales	Kitrino	+14.2	ABC	409	219	319	101	90	219	LELDISKYDKSQ	281	SGDVTTFIGNTVII	312	FCGDDSLL
NODE_361_length_5643_cov_18.968200_SRR8554352_4	66.5	Martellivirales	Kitrino	+12.9	ABC	501	269	369	101	132	269	LELDVSKYDKSQ	331	SGDVTTFIGNTFII	362	FCGDDSLI
NODE_256_length_6307_cov_19.638684_SRR8554352_2	68.0	Martellivirales	Kitrino	+13.8	ABC	469	240	340	101	129	240	LELDISKYDKSQ	302	SGDVTTFIGNTIII	333	FCGDDSIL
NODE_1018_length_3645_cov_2.095291_SRR8554352_2	65.8	Martellivirales	Kitrino	+11.4	ABC	494	263	363	101	131	263	LELDISKYDKSQ	325	SGDVTTFIGNTVII	356	FCGDDSVL
NODE_12737_length_959_cov_1.461451_SRR8554352_2	68.0	Martellivirales	Kitrino	+14.2	ABC	248	82	182	101	66	82	LELDISKYDKSQ	144	SGDVTTFIGNTVII	175	FCGDDSLL
NODE_1127_length_3722_cov_5479.529767_SRR8658352_2	61.6	Martellivirales	PH5	+11.1	ABC	818	566	666	101	152	566	LEIDFSKFDKSQ	628	SGDSATAFGNTLIS	659	FVGDDSLL
NODE_1178_length_3181_cov_2591.634987_SRR8658353_1	61.6	Martellivirales	PH5	+11.1	ABC	725	473	573	101	152	473	LEIDFSKFDKSQ	535	SGDSATAFGNTLIS	566	FVGDDSLL
NODE_3598_length_2098_cov_4439.316675_SRR8658352_1	65.6	Martellivirales	Kitrino	+13.5	ABC	652	526	626	101	26	526	LEIDFSKFDKSQ	588	SGDSATAFGNTIIS	619	FIGDDSLI
NODE_143_length_7228_cov_27.916935_SRR8658352_2	55.9	Martellivirales	Kitrino	+10.6	ABC	2264	2023	2123	101	141	2023	KEIDIGKYDKSQ	2085	SGDGNTFLGNTVFL	2116	FAGDDSWL
NODE_272_length_6319_cov_68.384012_SRR8658354_1	61.6	Martellivirales	PH5	+11.1	ABC	1751	1499	1599	101	152	1499	LEIDFSKFDKSQ	1561	SGDSATAFGNTLIS	1592	FVGDDSLL
NODE_399_length_5743_cov_82.950935_SRR8658354_2	65.6	Martellivirales	Kitrino	+13.5	ABC	1833	1600	1700	101	133	1600	LEIDFSKFDKSQ	1662	SGDSATAFGNTIIS	1693	FIGDDSLI
NODE_322_length_6896_cov_223.354451_SRR8658355_2	65.6	Martellivirales	Kitrino	+13.5	ABC	1833	1600	1700	101	133	1600	LEIDFSKFDKSQ	1662	SGDSATAFGNTIIS	1693	FIGDDSLI
NODE_440_length_6334_cov_16.237654_SRR8658355_1	61.6	Martellivirales	PH5	+11.1	ABC	1751	1499	1599	101	152	1499	LEIDFSKFDKSQ	1561	SGDSATAFGNTLIS	1592	FVGDDSLL
NODE_242_length_5620_cov_498.148836_SRR8658357_3	65.6	Martellivirales	Kitrino	+13.5	ABC	978	745	845	101	133	745	LEIDFSKFDKSQ	807	SGDSATAFGNTIIS	838	FIGDDSLI
NODE_85_length_6361_cov_532.734564_SRR8658356_3	61.6	Martellivirales	PH5	+11.1	ABC	1751	1499	1599	101	152	1499	LEIDFSKFDKSQ	1561	SGDSATAFGNTLIS	1592	FVGDDSLL
NODE_296_length_3822_cov_10.632844_SRR8727441_1	66.2	Martellivirales	Kitrino	+13.8	ABC	926	640	740	101	186	640	LEVDFSKFDKSQ	702	SGDSATAFGNTLIT	733	FIGDDSLV
NODE_468_length_3245_cov_8.832386_SRR8727442_1	66.2	Martellivirales	Kitrino	+13.8	ABC	756	470	570	101	186	470	LEVDFSKFDKSQ	532	SGDSATAFGNTLIT	563	FIGDDSLV
NODE_186_length_6730_cov_324.596573_SRR8658358_2	65.6	Martellivirales	Kitrino	+13.5	ABC	1833	1600	1700	101	133	1600	LEIDFSKFDKSQ	1662	SGDSATAFGNTIIS	1693	FIGDDSLI
NODE_345_length_3431_cov_8.403995_SRR8727443_1	66.2	Martellivirales	Kitrino	+13.8	ABC	847	561	661	101	186	561	LEVDFSKFDKSQ	623	SGDSATAFGNTLIT	654	FIGDDSLV
NODE_251_length_6673_cov_596.344603_SRR8658359_2	65.6	Martellivirales	Kitrino	+13.5	ABC	1833	1600	1700	101	133	1600	LEIDFSKFDKSQ	1662	SGDSATAFGNTIIS	1693	FIGDDSLI
NODE_2573_length_1203_cov_0.725836_SRR9317871_1	68.0	Martellivirales	Kitrino	+13.8	ABC	390	201	301	101	89	201	LELDISKYDKSQ	263	SGDVTTFIGNTIII	294	FCGDDSIL
NODE_2_length_5969_cov_129.087746_SRR9596414_2	43.0	PH5	Kitrino	+2.6	ABC	363	120	225	106	138	120	TETDLSEQDASQ	182	SGEPHTLLGNTMNG	218	FKGDDFLA
NODE_87_length_6701_cov_659.017814_SRR8749692_2	65.6	Martellivirales	Kitrino	+13.5	ABC	1833	1600	1700	101	133	1600	LEIDFSKFDKSQ	1662	SGDSATAFGNTIIS	1693	FIGDDSLI
NODE_244_length_5617_cov_62.071480_SRR8658357_2	65.6	Martellivirales	Kitrino	+13.5	ABC	1833	1600	1700	101	133	1600	LEIDFSKFDKSQ	1662	SGDSATAFGNTIIS	1693	FIGDDSLI
NODE_157_length_6711_cov_657.899005_SRR8749696_2	65.6	Martellivirales	Kitrino	+13.5	ABC	1833	1600	1700	101	133	1600	LEIDFSKFDKSQ	1662	SGDSATAFGNTIIS	1693	FIGDDSLI
NODE_199_length_2867_cov_7.196416_SRR9596414_4	65.5	Martellivirales	Kitrino	+9.3	ABC	734	497	597	101	137	497	LEVDFSKFDKSQ	559	SGDATTCLGNTLVN	590	FVGDDSLL
NODE_10_length_7298_cov_9.011435_SRR9317871_8	47.9	Hepelivirales	PH5	+1.5	ABC	1656	1424	1526	103	130	1424	ACNDFSEWDASY	1488	SGNPFTICFNTIMN	1519	FKGDDSAV
NODE_70_length_6749_cov_867.399281_SRR8749691_2	65.6	Martellivirales	Kitrino	+13.5	ABC	1833	1600	1700	101	133	1600	LEIDFSKFDKSQ	1662	SGDSATAFGNTIIS	1693	FIGDDSLI
